{"chunk_definitions":[{"row":52,"row_count":1,"visible":true,"expansion_state":0,"options":{"engine":"r","label":"unnamed-chunk-2","echo":true,"warning":true,"dev":"png"},"document_id":"7DD83AC4","chunk_id":"cvvwyjtibca3o","chunk_label":"unnamed-chunk-2"},{"row":73,"row_count":1,"visible":true,"expansion_state":0,"options":{"engine":"r","label":"unnamed-chunk-3","dev":"png"},"document_id":"7DD83AC4","chunk_id":"cstowh0axv08h","chunk_label":"unnamed-chunk-3"},{"row":90,"row_count":1,"visible":true,"expansion_state":0,"options":{"engine":"r","label":"unnamed-chunk-4","dev":"png"},"document_id":"7DD83AC4","chunk_id":"cq20lqaw1d049","chunk_label":"unnamed-chunk-4"},{"row":97,"row_count":1,"visible":true,"expansion_state":0,"options":{"engine":"r","label":"unnamed-chunk-5","dev":"png"},"document_id":"7DD83AC4","chunk_id":"chq90ozxuy0nr","chunk_label":"unnamed-chunk-5"},{"row":104,"row_count":1,"visible":true,"expansion_state":0,"options":{"engine":"r","label":"unnamed-chunk-6","dev":"png"},"document_id":"7DD83AC4","chunk_id":"cl9gquloil53l","chunk_label":"unnamed-chunk-6"},{"row":113,"row_count":1,"visible":true,"expansion_state":0,"options":{"engine":"r","label":"unnamed-chunk-7","dev":"png"},"document_id":"7DD83AC4","chunk_id":"cmq4he3zmixjd","chunk_label":"unnamed-chunk-7"},{"row":127,"row_count":1,"visible":true,"expansion_state":0,"options":{"engine":"r","label":"unnamed-chunk-8","dev":"png"},"document_id":"7DD83AC4","chunk_id":"cjx1l7sn0mcgt","chunk_label":"unnamed-chunk-8"},{"row":141,"row_count":1,"visible":true,"expansion_state":0,"options":{"engine":"r","label":"unnamed-chunk-9","dev":"png"},"document_id":"7DD83AC4","chunk_id":"cghaz96269n6g","chunk_label":"unnamed-chunk-9"},{"row":151,"row_count":1,"visible":true,"expansion_state":0,"options":{"engine":"r","label":"unnamed-chunk-10","dev":"png"},"document_id":"7DD83AC4","chunk_id":"c9c5my01gnxd0","chunk_label":"unnamed-chunk-10"},{"row":169,"row_count":1,"visible":true,"expansion_state":0,"options":{"engine":"r","label":"unnamed-chunk-11","dev":"png"},"document_id":"7DD83AC4","chunk_id":"clajgzh44zzch","chunk_label":"unnamed-chunk-11"},{"row":180,"row_count":1,"visible":true,"expansion_state":0,"options":{"engine":"r","label":"unnamed-chunk-12","dev":"png"},"document_id":"7DD83AC4","chunk_id":"c0xdejceph5n7","chunk_label":"unnamed-chunk-12"},{"row":196,"row_count":1,"visible":true,"expansion_state":0,"options":{"engine":"r","label":"unnamed-chunk-1","dev":"png"},"document_id":"7DD83AC4","chunk_id":"chu7w93426zm7","chunk_label":"unnamed-chunk-13"},{"row":285,"row_count":1,"visible":true,"expansion_state":0,"options":{"engine":"r","label":"unnamed-chunk-23","echo":false,"purl":false,"dev":"png"},"document_id":"7DD83AC4","chunk_id":"ce43by5p7a08q","chunk_label":"unnamed-chunk-20"}],"doc_write_time":1744749282}