{"chunk_definitions":[{"row":37,"row_count":1,"visible":true,"expansion_state":0,"options":{"engine":"r","label":"unnamed-chunk-1","echo":false,"purl":false,"out.width":"100%","dev":"png"},"document_id":"C2A98BB7","chunk_id":"cgaew8ldbqzxk","chunk_label":"unnamed-chunk-1"},{"row":52,"row_count":1,"visible":true,"expansion_state":0,"options":{"engine":"r","label":"unnamed-chunk-2","echo":true,"warning":true,"dev":"png"},"document_id":"7DD83AC4","chunk_id":"cvvwyjtibca3o","chunk_label":"unnamed-chunk-2"},{"row":73,"row_count":1,"visible":true,"expansion_state":0,"options":{"engine":"r","label":"unnamed-chunk-3","dev":"png"},"document_id":"7DD83AC4","chunk_id":"cstowh0axv08h","chunk_label":"unnamed-chunk-3"},{"row":90,"row_count":1,"visible":true,"expansion_state":0,"options":{"engine":"r","label":"unnamed-chunk-4","dev":"png"},"document_id":"7DD83AC4","chunk_id":"cq20lqaw1d049","chunk_label":"unnamed-chunk-4"},{"row":97,"row_count":1,"visible":true,"expansion_state":0,"options":{"engine":"r","label":"unnamed-chunk-5","dev":"png"},"document_id":"7DD83AC4","chunk_id":"chq90ozxuy0nr","chunk_label":"unnamed-chunk-5"},{"row":104,"row_count":1,"visible":true,"expansion_state":0,"options":{"engine":"r","label":"unnamed-chunk-6","dev":"png"},"document_id":"7DD83AC4","chunk_id":"cl9gquloil53l","chunk_label":"unnamed-chunk-6"},{"row":113,"row_count":1,"visible":true,"expansion_state":0,"options":{"engine":"r","label":"unnamed-chunk-7","dev":"png"},"document_id":"7DD83AC4","chunk_id":"cmq4he3zmixjd","chunk_label":"unnamed-chunk-7"},{"row":127,"row_count":1,"visible":true,"expansion_state":0,"options":{"engine":"r","label":"unnamed-chunk-8","dev":"png"},"document_id":"7DD83AC4","chunk_id":"cjx1l7sn0mcgt","chunk_label":"unnamed-chunk-8"},{"row":141,"row_count":1,"visible":true,"expansion_state":0,"options":{"engine":"r","label":"unnamed-chunk-9","dev":"png"},"document_id":"7DD83AC4","chunk_id":"cghaz96269n6g","chunk_label":"unnamed-chunk-9"},{"row":151,"row_count":1,"visible":true,"expansion_state":0,"options":{"engine":"r","label":"unnamed-chunk-10","dev":"png"},"document_id":"7DD83AC4","chunk_id":"c9c5my01gnxd0","chunk_label":"unnamed-chunk-10"},{"row":169,"row_count":1,"visible":true,"expansion_state":0,"options":{"engine":"r","label":"unnamed-chunk-11","dev":"png"},"document_id":"7DD83AC4","chunk_id":"clajgzh44zzch","chunk_label":"unnamed-chunk-11"},{"row":180,"row_count":1,"visible":true,"expansion_state":0,"options":{"engine":"r","label":"unnamed-chunk-12","dev":"png"},"document_id":"7DD83AC4","chunk_id":"c0xdejceph5n7","chunk_label":"unnamed-chunk-12"},{"row":196,"row_count":1,"visible":true,"expansion_state":0,"options":{"engine":"r","label":"unnamed-chunk-13","dev":"png"},"document_id":"7DD83AC4","chunk_id":"chu7w93426zm7","chunk_label":"unnamed-chunk-13"},{"row":213,"row_count":1,"visible":true,"expansion_state":0,"options":{"engine":"r","label":"unnamed-chunk-14","echo":false,"fig-cap-location":"bottom","purl":false,"fig.width":10,"fig.height":6,"out.width":"80%","fig.align":"center","fig.cap":"Diagrama de tipos de join estilo SQL. *Fuente: [intro2r.library.duke.edu/join.html](https://intro2r.library.duke.edu/join.html)*","dev":"png"},"document_id":"C2A98BB7","chunk_id":"c2xkpgecgmobb","chunk_label":"unnamed-chunk-14"},{"row":230,"row_count":1,"visible":true,"expansion_state":0,"options":{"engine":"r","label":"unnamed-chunk-15","dev":"png"},"document_id":"C2A98BB7","chunk_id":"cycfjt06qvpvw","chunk_label":"unnamed-chunk-15"},{"row":240,"row_count":1,"visible":true,"expansion_state":0,"options":{"engine":"r","label":"unnamed-chunk-16","dev":"png"},"document_id":"C2A98BB7","chunk_id":"cp4ixtso1q59t","chunk_label":"unnamed-chunk-16"},{"row":249,"row_count":1,"visible":true,"expansion_state":0,"options":{"engine":"r","label":"unnamed-chunk-17","dev":"png"},"document_id":"C2A98BB7","chunk_id":"c1mfcd0ghqpdh","chunk_label":"unnamed-chunk-17"},{"row":260,"row_count":1,"visible":true,"expansion_state":0,"options":{"engine":"r","label":"unnamed-chunk-18","echo":false,"purl":false,"dev":"png"},"document_id":"C2A98BB7","chunk_id":"cbnszrqhrn9jl","chunk_label":"unnamed-chunk-18"},{"row":272,"row_count":1,"visible":true,"expansion_state":0,"options":{},"document_id":"C2A98BB7","chunk_id":"c7oawgk5yqokb","chunk_label":"unnamed-chunk-19"},{"row":285,"row_count":1,"visible":true,"expansion_state":0,"options":{"engine":"r","label":"unnamed-chunk-20","echo":false,"purl":false,"dev":"png"},"document_id":"7DD83AC4","chunk_id":"ce43by5p7a08q","chunk_label":"unnamed-chunk-20"},{"row":300,"row_count":1,"visible":true,"expansion_state":0,"options":{},"document_id":"C2A98BB7","chunk_id":"c9pdz20oovax9","chunk_label":"unnamed-chunk-21"},{"row":315,"row_count":1,"visible":true,"expansion_state":0,"options":{"engine":"r","label":"unnamed-chunk-22","echo":false,"purl":false,"dev":"png"},"document_id":"C2A98BB7","chunk_id":"cnwgohi1thxqm","chunk_label":"unnamed-chunk-22"},{"row":330,"row_count":1,"visible":true,"expansion_state":0,"options":{"engine":"r","label":"unnamed-chunk-23","dev":"png"},"document_id":"C2A98BB7","chunk_id":"cu0jdi16zisgx","chunk_label":"unnamed-chunk-23"},{"row":337,"row_count":1,"visible":true,"expansion_state":0,"options":{},"document_id":"C2A98BB7","chunk_id":"comwptji3rkef","chunk_label":"unnamed-chunk-24"},{"row":347,"row_count":1,"visible":true,"expansion_state":0,"options":{"engine":"r","label":"unnamed-chunk-25","dev":"png"},"document_id":"C2A98BB7","chunk_id":"c6g15zusskjl4","chunk_label":"unnamed-chunk-25"},{"row":354,"row_count":1,"visible":true,"expansion_state":0,"options":{"engine":"r","label":"unnamed-chunk-26","eval":false,"purl":false,"dev":"png"},"document_id":"C2A98BB7","chunk_id":"cvaqifjyhp4v9","chunk_label":"unnamed-chunk-26"}],"doc_write_time":1744749321,"chunk_rendered_width":700}