"0","OCUPADOS  <- c(6105953, 2543717, 10931300,"
"0","               6103382, 2598154, 10982740,"
"0","               6112372, 2602057, 10992215)"
"0","FECHA  <-  c(""Ene-12"", ""Ene-12"", ""Ene-12"","
"0","             ""Feb-12"", ""Feb-12"", ""Feb-12"","
"0","             ""Mar-12"", ""Mar-12"", ""Mar-12"")"
"0","SECTOR  <-  c(""Privado_Registrado"",""Público"",""Total"","
"0","              ""Privado_Registrado"",""Público"",""Total"","
"0","              ""Privado_Registrado"",""Público"",""Total"")"
"0","Datos <- data.frame(OCUPADOS, FECHA, SECTOR)"
