"0","INDICE  <- c(100,   100,   100,"
"0","             101.8, 101.2, 100.73,"
"0","             102.9, 102.4, 103.2)"
"0","FECHA  <-  c(""Oct-16"", ""Oct-16"", ""Oct-16"","
"0","             ""Nov-16"", ""Nov-16"", ""Nov-16"","
"0","             ""Dic-16"", ""Dic-16"", ""Dic-16"")"
"0","GRUPO  <-  c(""Privado_Registrado"",""Público"",""Privado_No_Registrado"","
"0","             ""Privado_Registrado"",""Público"",""Privado_No_Registrado"","
"0","             ""Privado_Registrado"",""Público"",""Privado_No_Registrado"")"
"0","IS <- data.frame(INDICE, FECHA, GRUPO)"
