Período,Provincia,Valor
2009-01-01T00:00:00Z,BUENOS AIRES,1787.64
2009-01-01T00:00:00Z,"Cdad. Autónoma 
de Buenos Aires",1469.941
2009-01-01T00:00:00Z,CATAMARCA,29.789
2009-01-01T00:00:00Z,CHACO,59.917
2009-01-01T00:00:00Z,CHUBUT,93.274
2009-01-01T00:00:00Z,CÓRDOBA,457.589
2009-01-01T00:00:00Z,CORRIENTES,63.403
2009-01-01T00:00:00Z,ENTRE RÍOS,118.24
2009-01-01T00:00:00Z,FORMOSA,20.594
2009-01-01T00:00:00Z,JUJUY,50.544
2009-01-01T00:00:00Z,LA PAMPA,35.412
2009-01-01T00:00:00Z,LA RIOJA,25.573
2009-01-01T00:00:00Z,MENDOZA,224.357
2009-01-01T00:00:00Z,MISIONES,82.01
2009-01-01T00:00:00Z,NEUQUÉN,92.927
2009-01-01T00:00:00Z,RíO NEGRO,109.325
2009-01-01T00:00:00Z,SALTA,100.327
2009-01-01T00:00:00Z,SAN JUAN,73.954
2009-01-01T00:00:00Z,SAN LUIS,52.385
2009-01-01T00:00:00Z,SANTA CRUZ,54.735
2009-01-01T00:00:00Z,SANTA FE,459.325
2009-01-01T00:00:00Z,"SANTIAGO 
DEL ESTERO",41.929
2009-01-01T00:00:00Z,TIERRA DEL FUEGO,27.006
2009-01-01T00:00:00Z,TUCUMÁN,129.765
2009-02-01T00:00:00Z,BUENOS AIRES,1769.223
2009-02-01T00:00:00Z,"Cdad. Autónoma 
de Buenos Aires",1467.029
2009-02-01T00:00:00Z,CATAMARCA,30.504
2009-02-01T00:00:00Z,CHACO,60.212
2009-02-01T00:00:00Z,CHUBUT,92.852
2009-02-01T00:00:00Z,CÓRDOBA,456.084
2009-02-01T00:00:00Z,CORRIENTES,63.791
2009-02-01T00:00:00Z,ENTRE RÍOS,118.017
2009-02-01T00:00:00Z,FORMOSA,20.837
2009-02-01T00:00:00Z,JUJUY,50.327
2009-02-01T00:00:00Z,LA PAMPA,35.541
2009-02-01T00:00:00Z,LA RIOJA,28.996
2009-02-01T00:00:00Z,MENDOZA,231.265
2009-02-01T00:00:00Z,MISIONES,83.435
2009-02-01T00:00:00Z,NEUQUÉN,93.316
2009-02-01T00:00:00Z,RíO NEGRO,111.229
2009-02-01T00:00:00Z,SALTA,100.914
2009-02-01T00:00:00Z,SAN JUAN,74.532
2009-02-01T00:00:00Z,SAN LUIS,51.639
2009-02-01T00:00:00Z,SANTA CRUZ,55.166
2009-02-01T00:00:00Z,SANTA FE,453.637
2009-02-01T00:00:00Z,"SANTIAGO 
DEL ESTERO",41.987
2009-02-01T00:00:00Z,TIERRA DEL FUEGO,26.465
2009-02-01T00:00:00Z,TUCUMÁN,130.383
2009-03-01T00:00:00Z,BUENOS AIRES,1745.913
2009-03-01T00:00:00Z,"Cdad. Autónoma 
de Buenos Aires",1466.167
2009-03-01T00:00:00Z,CATAMARCA,31.819
2009-03-01T00:00:00Z,CHACO,61.331
2009-03-01T00:00:00Z,CHUBUT,93.235
2009-03-01T00:00:00Z,CÓRDOBA,454.039
2009-03-01T00:00:00Z,CORRIENTES,64.836
2009-03-01T00:00:00Z,ENTRE RÍOS,119.666
2009-03-01T00:00:00Z,FORMOSA,20.947
2009-03-01T00:00:00Z,JUJUY,47.76
2009-03-01T00:00:00Z,LA PAMPA,35.636
2009-03-01T00:00:00Z,LA RIOJA,29.18
2009-03-01T00:00:00Z,MENDOZA,236.927
2009-03-01T00:00:00Z,MISIONES,84.734
2009-03-01T00:00:00Z,NEUQUÉN,91.581
2009-03-01T00:00:00Z,RíO NEGRO,107.136
2009-03-01T00:00:00Z,SALTA,100.215
2009-03-01T00:00:00Z,SAN JUAN,76.425
2009-03-01T00:00:00Z,SAN LUIS,51.528
2009-03-01T00:00:00Z,SANTA CRUZ,54.718
2009-03-01T00:00:00Z,SANTA FE,454.632
2009-03-01T00:00:00Z,"SANTIAGO 
DEL ESTERO",42.328
2009-03-01T00:00:00Z,TIERRA DEL FUEGO,26.185
2009-03-01T00:00:00Z,TUCUMÁN,137.924
2009-04-01T00:00:00Z,BUENOS AIRES,1729.917
2009-04-01T00:00:00Z,"Cdad. Autónoma 
de Buenos Aires",1454.724
2009-04-01T00:00:00Z,CATAMARCA,31.261
2009-04-01T00:00:00Z,CHACO,61.796
2009-04-01T00:00:00Z,CHUBUT,91.65
2009-04-01T00:00:00Z,CÓRDOBA,451.044
2009-04-01T00:00:00Z,CORRIENTES,64.309
2009-04-01T00:00:00Z,ENTRE RÍOS,119.799
2009-04-01T00:00:00Z,FORMOSA,20.963
2009-04-01T00:00:00Z,JUJUY,45.805
2009-04-01T00:00:00Z,LA PAMPA,35.475
2009-04-01T00:00:00Z,LA RIOJA,27.308
2009-04-01T00:00:00Z,MENDOZA,227.911
2009-04-01T00:00:00Z,MISIONES,86.438
2009-04-01T00:00:00Z,NEUQUÉN,87.304
2009-04-01T00:00:00Z,RíO NEGRO,93.602
2009-04-01T00:00:00Z,SALTA,97.142
2009-04-01T00:00:00Z,SAN JUAN,74.261
2009-04-01T00:00:00Z,SAN LUIS,51.046
2009-04-01T00:00:00Z,SANTA CRUZ,53.979
2009-04-01T00:00:00Z,SANTA FE,452.583
2009-04-01T00:00:00Z,"SANTIAGO 
DEL ESTERO",42.547
2009-04-01T00:00:00Z,TIERRA DEL FUEGO,25.744
2009-04-01T00:00:00Z,TUCUMÁN,149.951
2009-05-01T00:00:00Z,BUENOS AIRES,1723.218
2009-05-01T00:00:00Z,"Cdad. Autónoma 
de Buenos Aires",1451.374
2009-05-01T00:00:00Z,CATAMARCA,30.366
2009-05-01T00:00:00Z,CHACO,62.265
2009-05-01T00:00:00Z,CHUBUT,90.353
2009-05-01T00:00:00Z,CÓRDOBA,447.114
2009-05-01T00:00:00Z,CORRIENTES,64.257
2009-05-01T00:00:00Z,ENTRE RÍOS,120.941
2009-05-01T00:00:00Z,FORMOSA,21.13
2009-05-01T00:00:00Z,JUJUY,47.167
2009-05-01T00:00:00Z,LA PAMPA,35.15
2009-05-01T00:00:00Z,LA RIOJA,26.521
2009-05-01T00:00:00Z,MENDOZA,212.276
2009-05-01T00:00:00Z,MISIONES,88.024
2009-05-01T00:00:00Z,NEUQUÉN,85.173
2009-05-01T00:00:00Z,RíO NEGRO,88.599
2009-05-01T00:00:00Z,SALTA,98.239
2009-05-01T00:00:00Z,SAN JUAN,72.668
2009-05-01T00:00:00Z,SAN LUIS,50.783
2009-05-01T00:00:00Z,SANTA CRUZ,52.941
2009-05-01T00:00:00Z,SANTA FE,449.091
2009-05-01T00:00:00Z,"SANTIAGO 
DEL ESTERO",42.505
2009-05-01T00:00:00Z,TIERRA DEL FUEGO,25.276
2009-05-01T00:00:00Z,TUCUMÁN,155.374
2009-06-01T00:00:00Z,BUENOS AIRES,1724.903
2009-06-01T00:00:00Z,"Cdad. Autónoma 
de Buenos Aires",1450.695
2009-06-01T00:00:00Z,CATAMARCA,29.375
2009-06-01T00:00:00Z,CHACO,62.265
2009-06-01T00:00:00Z,CHUBUT,89.264
2009-06-01T00:00:00Z,CÓRDOBA,446.163
2009-06-01T00:00:00Z,CORRIENTES,64.992
2009-06-01T00:00:00Z,ENTRE RÍOS,121.612
2009-06-01T00:00:00Z,FORMOSA,21.609
2009-06-01T00:00:00Z,JUJUY,49.492
2009-06-01T00:00:00Z,LA PAMPA,35.232
2009-06-01T00:00:00Z,LA RIOJA,25.939
2009-06-01T00:00:00Z,MENDOZA,215.462
2009-06-01T00:00:00Z,MISIONES,88.283
2009-06-01T00:00:00Z,NEUQUÉN,85.267
2009-06-01T00:00:00Z,RíO NEGRO,89.239
2009-06-01T00:00:00Z,SALTA,99.842
2009-06-01T00:00:00Z,SAN JUAN,72.088
2009-06-01T00:00:00Z,SAN LUIS,50.332
2009-06-01T00:00:00Z,SANTA CRUZ,51.234
2009-06-01T00:00:00Z,SANTA FE,447.706
2009-06-01T00:00:00Z,"SANTIAGO 
DEL ESTERO",43.097
2009-06-01T00:00:00Z,TIERRA DEL FUEGO,25.107
2009-06-01T00:00:00Z,TUCUMÁN,162.116
2009-07-01T00:00:00Z,BUENOS AIRES,1722.949
2009-07-01T00:00:00Z,"Cdad. Autónoma 
de Buenos Aires",1449.348
2009-07-01T00:00:00Z,CATAMARCA,29.089
2009-07-01T00:00:00Z,CHACO,62.264
2009-07-01T00:00:00Z,CHUBUT,88.65
2009-07-01T00:00:00Z,CÓRDOBA,446.14
2009-07-01T00:00:00Z,CORRIENTES,64.575
2009-07-01T00:00:00Z,ENTRE RÍOS,122.489
2009-07-01T00:00:00Z,FORMOSA,22.313
2009-07-01T00:00:00Z,JUJUY,50.319
2009-07-01T00:00:00Z,LA PAMPA,35.198
2009-07-01T00:00:00Z,LA RIOJA,25.969
2009-07-01T00:00:00Z,MENDOZA,213.988
2009-07-01T00:00:00Z,MISIONES,88.975
2009-07-01T00:00:00Z,NEUQUÉN,85.401
2009-07-01T00:00:00Z,RíO NEGRO,88.032
2009-07-01T00:00:00Z,SALTA,99.951
2009-07-01T00:00:00Z,SAN JUAN,71.68
2009-07-01T00:00:00Z,SAN LUIS,50.556
2009-07-01T00:00:00Z,SANTA CRUZ,50.625
2009-07-01T00:00:00Z,SANTA FE,446.595
2009-07-01T00:00:00Z,"SANTIAGO 
DEL ESTERO",43.663
2009-07-01T00:00:00Z,TIERRA DEL FUEGO,24.886
2009-07-01T00:00:00Z,TUCUMÁN,163.247
2009-08-01T00:00:00Z,BUENOS AIRES,1720.649
2009-08-01T00:00:00Z,"Cdad. Autónoma 
de Buenos Aires",1448.628
2009-08-01T00:00:00Z,CATAMARCA,28.523
2009-08-01T00:00:00Z,CHACO,62.002
2009-08-01T00:00:00Z,CHUBUT,88.908
2009-08-01T00:00:00Z,CÓRDOBA,446.631
2009-08-01T00:00:00Z,CORRIENTES,64.678
2009-08-01T00:00:00Z,ENTRE RÍOS,122.363
2009-08-01T00:00:00Z,FORMOSA,22.02
2009-08-01T00:00:00Z,JUJUY,51.241
2009-08-01T00:00:00Z,LA PAMPA,35.567
2009-08-01T00:00:00Z,LA RIOJA,25.732
2009-08-01T00:00:00Z,MENDOZA,213.048
2009-08-01T00:00:00Z,MISIONES,88.284
2009-08-01T00:00:00Z,NEUQUÉN,85.11
2009-08-01T00:00:00Z,RíO NEGRO,87.106
2009-08-01T00:00:00Z,SALTA,99.139
2009-08-01T00:00:00Z,SAN JUAN,70.106
2009-08-01T00:00:00Z,SAN LUIS,50.997
2009-08-01T00:00:00Z,SANTA CRUZ,50.669
2009-08-01T00:00:00Z,SANTA FE,445.555
2009-08-01T00:00:00Z,"SANTIAGO 
DEL ESTERO",43.193
2009-08-01T00:00:00Z,TIERRA DEL FUEGO,25.042
2009-08-01T00:00:00Z,TUCUMÁN,159.69
2009-09-01T00:00:00Z,BUENOS AIRES,1727.501
2009-09-01T00:00:00Z,"Cdad. Autónoma 
de Buenos Aires",1452.493
2009-09-01T00:00:00Z,CATAMARCA,28.72
2009-09-01T00:00:00Z,CHACO,61.676
2009-09-01T00:00:00Z,CHUBUT,89.537
2009-09-01T00:00:00Z,CÓRDOBA,449.047
2009-09-01T00:00:00Z,CORRIENTES,65.074
2009-09-01T00:00:00Z,ENTRE RÍOS,121.936
2009-09-01T00:00:00Z,FORMOSA,22.088
2009-09-01T00:00:00Z,JUJUY,53.246
2009-09-01T00:00:00Z,LA PAMPA,35.967
2009-09-01T00:00:00Z,LA RIOJA,25.561
2009-09-01T00:00:00Z,MENDOZA,211.971
2009-09-01T00:00:00Z,MISIONES,86.813
2009-09-01T00:00:00Z,NEUQUÉN,84.909
2009-09-01T00:00:00Z,RíO NEGRO,86.928
2009-09-01T00:00:00Z,SALTA,102.08
2009-09-01T00:00:00Z,SAN JUAN,69.243
2009-09-01T00:00:00Z,SAN LUIS,51.413
2009-09-01T00:00:00Z,SANTA CRUZ,51.678
2009-09-01T00:00:00Z,SANTA FE,450.313
2009-09-01T00:00:00Z,"SANTIAGO 
DEL ESTERO",43.211
2009-09-01T00:00:00Z,TIERRA DEL FUEGO,25.93
2009-09-01T00:00:00Z,TUCUMÁN,156.098
2009-10-01T00:00:00Z,BUENOS AIRES,1741.995
2009-10-01T00:00:00Z,"Cdad. Autónoma 
de Buenos Aires",1456.96
2009-10-01T00:00:00Z,CATAMARCA,29.062
2009-10-01T00:00:00Z,CHACO,61.747
2009-10-01T00:00:00Z,CHUBUT,89.769
2009-10-01T00:00:00Z,CÓRDOBA,452.464
2009-10-01T00:00:00Z,CORRIENTES,65.775
2009-10-01T00:00:00Z,ENTRE RÍOS,132.016
2009-10-01T00:00:00Z,FORMOSA,21.996
2009-10-01T00:00:00Z,JUJUY,53.097
2009-10-01T00:00:00Z,LA PAMPA,36.134
2009-10-01T00:00:00Z,LA RIOJA,25.627
2009-10-01T00:00:00Z,MENDOZA,213.354
2009-10-01T00:00:00Z,MISIONES,85.471
2009-10-01T00:00:00Z,NEUQUÉN,83.93
2009-10-01T00:00:00Z,RíO NEGRO,86.751
2009-10-01T00:00:00Z,SALTA,105.533
2009-10-01T00:00:00Z,SAN JUAN,69.798
2009-10-01T00:00:00Z,SAN LUIS,51.901
2009-10-01T00:00:00Z,SANTA CRUZ,51.749
2009-10-01T00:00:00Z,SANTA FE,453.29
2009-10-01T00:00:00Z,"SANTIAGO 
DEL ESTERO",42.923
2009-10-01T00:00:00Z,TIERRA DEL FUEGO,26.673
2009-10-01T00:00:00Z,TUCUMÁN,156.254
2009-11-01T00:00:00Z,BUENOS AIRES,1753.656
2009-11-01T00:00:00Z,"Cdad. Autónoma 
de Buenos Aires",1460.733
2009-11-01T00:00:00Z,CATAMARCA,30.409
2009-11-01T00:00:00Z,CHACO,59.276
2009-11-01T00:00:00Z,CHUBUT,89.856
2009-11-01T00:00:00Z,CÓRDOBA,452.886
2009-11-01T00:00:00Z,CORRIENTES,67.017
2009-11-01T00:00:00Z,ENTRE RÍOS,134.412
2009-11-01T00:00:00Z,FORMOSA,22.025
2009-11-01T00:00:00Z,JUJUY,53.37
2009-11-01T00:00:00Z,LA PAMPA,35.962
2009-11-01T00:00:00Z,LA RIOJA,25.654
2009-11-01T00:00:00Z,MENDOZA,216.515
2009-11-01T00:00:00Z,MISIONES,84.388
2009-11-01T00:00:00Z,NEUQUÉN,85.439
2009-11-01T00:00:00Z,RíO NEGRO,90.478
2009-11-01T00:00:00Z,SALTA,105.094
2009-11-01T00:00:00Z,SAN JUAN,70.905
2009-11-01T00:00:00Z,SAN LUIS,53.136
2009-11-01T00:00:00Z,SANTA CRUZ,51.813
2009-11-01T00:00:00Z,SANTA FE,455.457
2009-11-01T00:00:00Z,"SANTIAGO 
DEL ESTERO",42.592
2009-11-01T00:00:00Z,TIERRA DEL FUEGO,27.307
2009-11-01T00:00:00Z,TUCUMÁN,148.528
2009-12-01T00:00:00Z,BUENOS AIRES,1774.175
2009-12-01T00:00:00Z,"Cdad. Autónoma 
de Buenos Aires",1467.644
2009-12-01T00:00:00Z,CATAMARCA,29.438
2009-12-01T00:00:00Z,CHACO,59.034
2009-12-01T00:00:00Z,CHUBUT,90.6
2009-12-01T00:00:00Z,CÓRDOBA,459.439
2009-12-01T00:00:00Z,CORRIENTES,65.191
2009-12-01T00:00:00Z,ENTRE RÍOS,123.783
2009-12-01T00:00:00Z,FORMOSA,21.854
2009-12-01T00:00:00Z,JUJUY,53.667
2009-12-01T00:00:00Z,LA PAMPA,35.486
2009-12-01T00:00:00Z,LA RIOJA,25.611
2009-12-01T00:00:00Z,MENDOZA,218.895
2009-12-01T00:00:00Z,MISIONES,83.566
2009-12-01T00:00:00Z,NEUQUÉN,86.313
2009-12-01T00:00:00Z,RíO NEGRO,91.54
2009-12-01T00:00:00Z,SALTA,103.304
2009-12-01T00:00:00Z,SAN JUAN,72.365
2009-12-01T00:00:00Z,SAN LUIS,53.506
2009-12-01T00:00:00Z,SANTA CRUZ,52.356
2009-12-01T00:00:00Z,SANTA FE,459.494
2009-12-01T00:00:00Z,"SANTIAGO 
DEL ESTERO",42.429
2009-12-01T00:00:00Z,TIERRA DEL FUEGO,27.825
2009-12-01T00:00:00Z,TUCUMÁN,139.99
2010-01-01T00:00:00Z,BUENOS AIRES,1786.437
2010-01-01T00:00:00Z,"Cdad. Autónoma 
de Buenos Aires",1460.384
2010-01-01T00:00:00Z,CATAMARCA,28.648
2010-01-01T00:00:00Z,CHACO,58.776
2010-01-01T00:00:00Z,CHUBUT,89.811
2010-01-01T00:00:00Z,CÓRDOBA,464.615
2010-01-01T00:00:00Z,CORRIENTES,64.282
2010-01-01T00:00:00Z,ENTRE RÍOS,119.571
2010-01-01T00:00:00Z,FORMOSA,21.543
2010-01-01T00:00:00Z,JUJUY,53.224
2010-01-01T00:00:00Z,LA PAMPA,35.226
2010-01-01T00:00:00Z,LA RIOJA,25.997
2010-01-01T00:00:00Z,MENDOZA,222.76
2010-01-01T00:00:00Z,MISIONES,82.879
2010-01-01T00:00:00Z,NEUQUÉN,87.525
2010-01-01T00:00:00Z,RíO NEGRO,106.049
2010-01-01T00:00:00Z,SALTA,104.113
2010-01-01T00:00:00Z,SAN JUAN,72.827
2010-01-01T00:00:00Z,SAN LUIS,53.598
2010-01-01T00:00:00Z,SANTA CRUZ,53.048
2010-01-01T00:00:00Z,SANTA FE,455.259
2010-01-01T00:00:00Z,"SANTIAGO 
DEL ESTERO",42.381
2010-01-01T00:00:00Z,TIERRA DEL FUEGO,27.228
2010-01-01T00:00:00Z,TUCUMÁN,130.273
2010-02-01T00:00:00Z,BUENOS AIRES,1782.964
2010-02-01T00:00:00Z,"Cdad. Autónoma 
de Buenos Aires",1463.02
2010-02-01T00:00:00Z,CATAMARCA,31.631
2010-02-01T00:00:00Z,CHACO,59.385
2010-02-01T00:00:00Z,CHUBUT,90.419
2010-02-01T00:00:00Z,CÓRDOBA,464.511
2010-02-01T00:00:00Z,CORRIENTES,64.953
2010-02-01T00:00:00Z,ENTRE RÍOS,119.656
2010-02-01T00:00:00Z,FORMOSA,21.874
2010-02-01T00:00:00Z,JUJUY,53.025
2010-02-01T00:00:00Z,LA PAMPA,35.07
2010-02-01T00:00:00Z,LA RIOJA,31.658
2010-02-01T00:00:00Z,MENDOZA,230.669
2010-02-01T00:00:00Z,MISIONES,84.508
2010-02-01T00:00:00Z,NEUQUÉN,88.921
2010-02-01T00:00:00Z,RíO NEGRO,111.289
2010-02-01T00:00:00Z,SALTA,105.755
2010-02-01T00:00:00Z,SAN JUAN,74.97
2010-02-01T00:00:00Z,SAN LUIS,54.12
2010-02-01T00:00:00Z,SANTA CRUZ,53.639
2010-02-01T00:00:00Z,SANTA FE,454.95
2010-02-01T00:00:00Z,"SANTIAGO 
DEL ESTERO",42.619
2010-02-01T00:00:00Z,TIERRA DEL FUEGO,27.711
2010-02-01T00:00:00Z,TUCUMÁN,131.693
2010-03-01T00:00:00Z,BUENOS AIRES,1773.732
2010-03-01T00:00:00Z,"Cdad. Autónoma 
de Buenos Aires",1473.082
2010-03-01T00:00:00Z,CATAMARCA,32.15
2010-03-01T00:00:00Z,CHACO,59.391
2010-03-01T00:00:00Z,CHUBUT,91.136
2010-03-01T00:00:00Z,CÓRDOBA,466.362
2010-03-01T00:00:00Z,CORRIENTES,65.954
2010-03-01T00:00:00Z,ENTRE RÍOS,123.099
2010-03-01T00:00:00Z,FORMOSA,22.083
2010-03-01T00:00:00Z,JUJUY,50.191
2010-03-01T00:00:00Z,LA PAMPA,35.107
2010-03-01T00:00:00Z,LA RIOJA,33.213
2010-03-01T00:00:00Z,MENDOZA,237.992
2010-03-01T00:00:00Z,MISIONES,86.424
2010-03-01T00:00:00Z,NEUQUÉN,89.176
2010-03-01T00:00:00Z,RíO NEGRO,109.062
2010-03-01T00:00:00Z,SALTA,105.815
2010-03-01T00:00:00Z,SAN JUAN,75.691
2010-03-01T00:00:00Z,SAN LUIS,54.258
2010-03-01T00:00:00Z,SANTA CRUZ,53.871
2010-03-01T00:00:00Z,SANTA FE,459.452
2010-03-01T00:00:00Z,"SANTIAGO 
DEL ESTERO",43.53
2010-03-01T00:00:00Z,TIERRA DEL FUEGO,28.225
2010-03-01T00:00:00Z,TUCUMÁN,134.876
2010-04-01T00:00:00Z,BUENOS AIRES,1769.101
2010-04-01T00:00:00Z,"Cdad. Autónoma 
de Buenos Aires",1468.761
2010-04-01T00:00:00Z,CATAMARCA,32.549
2010-04-01T00:00:00Z,CHACO,59.841
2010-04-01T00:00:00Z,CHUBUT,90.316
2010-04-01T00:00:00Z,CÓRDOBA,466.625
2010-04-01T00:00:00Z,CORRIENTES,65.844
2010-04-01T00:00:00Z,ENTRE RÍOS,122.943
2010-04-01T00:00:00Z,FORMOSA,22.158
2010-04-01T00:00:00Z,JUJUY,48.148
2010-04-01T00:00:00Z,LA PAMPA,35
2010-04-01T00:00:00Z,LA RIOJA,31.535
2010-04-01T00:00:00Z,MENDOZA,234.417
2010-04-01T00:00:00Z,MISIONES,88.3
2010-04-01T00:00:00Z,NEUQUÉN,86.327
2010-04-01T00:00:00Z,RíO NEGRO,98.795
2010-04-01T00:00:00Z,SALTA,101.601
2010-04-01T00:00:00Z,SAN JUAN,74.634
2010-04-01T00:00:00Z,SAN LUIS,53.626
2010-04-01T00:00:00Z,SANTA CRUZ,52.913
2010-04-01T00:00:00Z,SANTA FE,459.574
2010-04-01T00:00:00Z,"SANTIAGO 
DEL ESTERO",44.92
2010-04-01T00:00:00Z,TIERRA DEL FUEGO,28.349
2010-04-01T00:00:00Z,TUCUMÁN,147.694
2010-05-01T00:00:00Z,BUENOS AIRES,1767.656
2010-05-01T00:00:00Z,"Cdad. Autónoma 
de Buenos Aires",1468.964
2010-05-01T00:00:00Z,CATAMARCA,32.403
2010-05-01T00:00:00Z,CHACO,59.879
2010-05-01T00:00:00Z,CHUBUT,89.547
2010-05-01T00:00:00Z,CÓRDOBA,465.929
2010-05-01T00:00:00Z,CORRIENTES,65.832
2010-05-01T00:00:00Z,ENTRE RÍOS,123.646
2010-05-01T00:00:00Z,FORMOSA,22.186
2010-05-01T00:00:00Z,JUJUY,48.825
2010-05-01T00:00:00Z,LA PAMPA,34.548
2010-05-01T00:00:00Z,LA RIOJA,29.505
2010-05-01T00:00:00Z,MENDOZA,219.958
2010-05-01T00:00:00Z,MISIONES,88.636
2010-05-01T00:00:00Z,NEUQUÉN,84.661
2010-05-01T00:00:00Z,RíO NEGRO,90.87
2010-05-01T00:00:00Z,SALTA,102.35
2010-05-01T00:00:00Z,SAN JUAN,72.864
2010-05-01T00:00:00Z,SAN LUIS,53.224
2010-05-01T00:00:00Z,SANTA CRUZ,51.974
2010-05-01T00:00:00Z,SANTA FE,459.008
2010-05-01T00:00:00Z,"SANTIAGO 
DEL ESTERO",45.216
2010-05-01T00:00:00Z,TIERRA DEL FUEGO,28.644
2010-05-01T00:00:00Z,TUCUMÁN,155.712
2010-06-01T00:00:00Z,BUENOS AIRES,1771.643
2010-06-01T00:00:00Z,"Cdad. Autónoma 
de Buenos Aires",1473.118
2010-06-01T00:00:00Z,CATAMARCA,31.741
2010-06-01T00:00:00Z,CHACO,60.147
2010-06-01T00:00:00Z,CHUBUT,89.567
2010-06-01T00:00:00Z,CÓRDOBA,466.231
2010-06-01T00:00:00Z,CORRIENTES,65.815
2010-06-01T00:00:00Z,ENTRE RÍOS,125.047
2010-06-01T00:00:00Z,FORMOSA,22.246
2010-06-01T00:00:00Z,JUJUY,50.329
2010-06-01T00:00:00Z,LA PAMPA,34.471
2010-06-01T00:00:00Z,LA RIOJA,28.59
2010-06-01T00:00:00Z,MENDOZA,221.025
2010-06-01T00:00:00Z,MISIONES,89.252
2010-06-01T00:00:00Z,NEUQUÉN,84.73
2010-06-01T00:00:00Z,RíO NEGRO,91.766
2010-06-01T00:00:00Z,SALTA,103.546
2010-06-01T00:00:00Z,SAN JUAN,73.685
2010-06-01T00:00:00Z,SAN LUIS,53.302
2010-06-01T00:00:00Z,SANTA CRUZ,51.351
2010-06-01T00:00:00Z,SANTA FE,459.962
2010-06-01T00:00:00Z,"SANTIAGO 
DEL ESTERO",45.323
2010-06-01T00:00:00Z,TIERRA DEL FUEGO,28.877
2010-06-01T00:00:00Z,TUCUMÁN,160.096
2010-07-01T00:00:00Z,BUENOS AIRES,1775.221
2010-07-01T00:00:00Z,"Cdad. Autónoma 
de Buenos Aires",1476.369
2010-07-01T00:00:00Z,CATAMARCA,30.567
2010-07-01T00:00:00Z,CHACO,60.147
2010-07-01T00:00:00Z,CHUBUT,90.395
2010-07-01T00:00:00Z,CÓRDOBA,466.455
2010-07-01T00:00:00Z,CORRIENTES,65.272
2010-07-01T00:00:00Z,ENTRE RÍOS,125.871
2010-07-01T00:00:00Z,FORMOSA,22.515
2010-07-01T00:00:00Z,JUJUY,50.598
2010-07-01T00:00:00Z,LA PAMPA,34.043
2010-07-01T00:00:00Z,LA RIOJA,27.69
2010-07-01T00:00:00Z,MENDOZA,219.702
2010-07-01T00:00:00Z,MISIONES,89.642
2010-07-01T00:00:00Z,NEUQUÉN,85.464
2010-07-01T00:00:00Z,RíO NEGRO,91.138
2010-07-01T00:00:00Z,SALTA,102.704
2010-07-01T00:00:00Z,SAN JUAN,73.125
2010-07-01T00:00:00Z,SAN LUIS,53.058
2010-07-01T00:00:00Z,SANTA CRUZ,51.289
2010-07-01T00:00:00Z,SANTA FE,460.33
2010-07-01T00:00:00Z,"SANTIAGO 
DEL ESTERO",46.167
2010-07-01T00:00:00Z,TIERRA DEL FUEGO,28.674
2010-07-01T00:00:00Z,TUCUMÁN,161.662
2010-08-01T00:00:00Z,BUENOS AIRES,1785.985
2010-08-01T00:00:00Z,"Cdad. Autónoma 
de Buenos Aires",1481.402
2010-08-01T00:00:00Z,CATAMARCA,29.481
2010-08-01T00:00:00Z,CHACO,60.709
2010-08-01T00:00:00Z,CHUBUT,90.688
2010-08-01T00:00:00Z,CÓRDOBA,468.24
2010-08-01T00:00:00Z,CORRIENTES,65.557
2010-08-01T00:00:00Z,ENTRE RÍOS,126.319
2010-08-01T00:00:00Z,FORMOSA,23.132
2010-08-01T00:00:00Z,JUJUY,52.156
2010-08-01T00:00:00Z,LA PAMPA,34.054
2010-08-01T00:00:00Z,LA RIOJA,26.71
2010-08-01T00:00:00Z,MENDOZA,220.202
2010-08-01T00:00:00Z,MISIONES,90.035
2010-08-01T00:00:00Z,NEUQUÉN,86.362
2010-08-01T00:00:00Z,RíO NEGRO,91.245
2010-08-01T00:00:00Z,SALTA,102.632
2010-08-01T00:00:00Z,SAN JUAN,73.355
2010-08-01T00:00:00Z,SAN LUIS,52.949
2010-08-01T00:00:00Z,SANTA CRUZ,51.831
2010-08-01T00:00:00Z,SANTA FE,462.056
2010-08-01T00:00:00Z,"SANTIAGO 
DEL ESTERO",46.974
2010-08-01T00:00:00Z,TIERRA DEL FUEGO,29.695
2010-08-01T00:00:00Z,TUCUMÁN,160.563
2010-09-01T00:00:00Z,BUENOS AIRES,1792.872
2010-09-01T00:00:00Z,"Cdad. Autónoma 
de Buenos Aires",1488.511
2010-09-01T00:00:00Z,CATAMARCA,29.42
2010-09-01T00:00:00Z,CHACO,61.315
2010-09-01T00:00:00Z,CHUBUT,91.981
2010-09-01T00:00:00Z,CÓRDOBA,470.756
2010-09-01T00:00:00Z,CORRIENTES,66.029
2010-09-01T00:00:00Z,ENTRE RÍOS,126.243
2010-09-01T00:00:00Z,FORMOSA,23.445
2010-09-01T00:00:00Z,JUJUY,53.784
2010-09-01T00:00:00Z,LA PAMPA,34.133
2010-09-01T00:00:00Z,LA RIOJA,26.683
2010-09-01T00:00:00Z,MENDOZA,220.022
2010-09-01T00:00:00Z,MISIONES,89.043
2010-09-01T00:00:00Z,NEUQUÉN,86.427
2010-09-01T00:00:00Z,RíO NEGRO,88.977
2010-09-01T00:00:00Z,SALTA,105.891
2010-09-01T00:00:00Z,SAN JUAN,73.683
2010-09-01T00:00:00Z,SAN LUIS,53.1
2010-09-01T00:00:00Z,SANTA CRUZ,53.167
2010-09-01T00:00:00Z,SANTA FE,464.502
2010-09-01T00:00:00Z,"SANTIAGO 
DEL ESTERO",47.339
2010-09-01T00:00:00Z,TIERRA DEL FUEGO,30.7
2010-09-01T00:00:00Z,TUCUMÁN,158.147
2010-10-01T00:00:00Z,BUENOS AIRES,1804.121
2010-10-01T00:00:00Z,"Cdad. Autónoma 
de Buenos Aires",1497.05
2010-10-01T00:00:00Z,CATAMARCA,29.338
2010-10-01T00:00:00Z,CHACO,61.545
2010-10-01T00:00:00Z,CHUBUT,92.241
2010-10-01T00:00:00Z,CÓRDOBA,473.759
2010-10-01T00:00:00Z,CORRIENTES,66.662
2010-10-01T00:00:00Z,ENTRE RÍOS,133.647
2010-10-01T00:00:00Z,FORMOSA,23.931
2010-10-01T00:00:00Z,JUJUY,54.406
2010-10-01T00:00:00Z,LA PAMPA,34.397
2010-10-01T00:00:00Z,LA RIOJA,27.552
2010-10-01T00:00:00Z,MENDOZA,221.562
2010-10-01T00:00:00Z,MISIONES,87.923
2010-10-01T00:00:00Z,NEUQUÉN,86.576
2010-10-01T00:00:00Z,RíO NEGRO,89.071
2010-10-01T00:00:00Z,SALTA,108.431
2010-10-01T00:00:00Z,SAN JUAN,75.171
2010-10-01T00:00:00Z,SAN LUIS,53.986
2010-10-01T00:00:00Z,SANTA CRUZ,53.584
2010-10-01T00:00:00Z,SANTA FE,467.313
2010-10-01T00:00:00Z,"SANTIAGO 
DEL ESTERO",46.26
2010-10-01T00:00:00Z,TIERRA DEL FUEGO,31.575
2010-10-01T00:00:00Z,TUCUMÁN,155.348
2010-11-01T00:00:00Z,BUENOS AIRES,1822.661
2010-11-01T00:00:00Z,"Cdad. Autónoma 
de Buenos Aires",1506.421
2010-11-01T00:00:00Z,CATAMARCA,30.712
2010-11-01T00:00:00Z,CHACO,61.954
2010-11-01T00:00:00Z,CHUBUT,93.428
2010-11-01T00:00:00Z,CÓRDOBA,478.193
2010-11-01T00:00:00Z,CORRIENTES,67.2
2010-11-01T00:00:00Z,ENTRE RÍOS,134.534
2010-11-01T00:00:00Z,FORMOSA,24.127
2010-11-01T00:00:00Z,JUJUY,54.874
2010-11-01T00:00:00Z,LA PAMPA,34.477
2010-11-01T00:00:00Z,LA RIOJA,27.693
2010-11-01T00:00:00Z,MENDOZA,227.47
2010-11-01T00:00:00Z,MISIONES,87.612
2010-11-01T00:00:00Z,NEUQUÉN,87.684
2010-11-01T00:00:00Z,RíO NEGRO,92.972
2010-11-01T00:00:00Z,SALTA,108.345
2010-11-01T00:00:00Z,SAN JUAN,76.575
2010-11-01T00:00:00Z,SAN LUIS,54.878
2010-11-01T00:00:00Z,SANTA CRUZ,54.747
2010-11-01T00:00:00Z,SANTA FE,472.01
2010-11-01T00:00:00Z,"SANTIAGO 
DEL ESTERO",46.154
2010-11-01T00:00:00Z,TIERRA DEL FUEGO,32.091
2010-11-01T00:00:00Z,TUCUMÁN,147.372
2010-12-01T00:00:00Z,BUENOS AIRES,1850.472
2010-12-01T00:00:00Z,"Cdad. Autónoma 
de Buenos Aires",1512.38
2010-12-01T00:00:00Z,CATAMARCA,30.009
2010-12-01T00:00:00Z,CHACO,61.803
2010-12-01T00:00:00Z,CHUBUT,95.226
2010-12-01T00:00:00Z,CÓRDOBA,484.363
2010-12-01T00:00:00Z,CORRIENTES,67.086
2010-12-01T00:00:00Z,ENTRE RÍOS,127.721
2010-12-01T00:00:00Z,FORMOSA,23.873
2010-12-01T00:00:00Z,JUJUY,55.596
2010-12-01T00:00:00Z,LA PAMPA,34.633
2010-12-01T00:00:00Z,LA RIOJA,27.617
2010-12-01T00:00:00Z,MENDOZA,231.699
2010-12-01T00:00:00Z,MISIONES,87.195
2010-12-01T00:00:00Z,NEUQUÉN,89.06
2010-12-01T00:00:00Z,RíO NEGRO,93.212
2010-12-01T00:00:00Z,SALTA,107.259
2010-12-01T00:00:00Z,SAN JUAN,78.651
2010-12-01T00:00:00Z,SAN LUIS,55.174
2010-12-01T00:00:00Z,SANTA CRUZ,55.281
2010-12-01T00:00:00Z,SANTA FE,477.788
2010-12-01T00:00:00Z,"SANTIAGO 
DEL ESTERO",46.273
2010-12-01T00:00:00Z,TIERRA DEL FUEGO,32.453
2010-12-01T00:00:00Z,TUCUMÁN,143.808
2011-01-01T00:00:00Z,BUENOS AIRES,1873.67
2011-01-01T00:00:00Z,"Cdad. Autónoma 
de Buenos Aires",1503.525
2011-01-01T00:00:00Z,CATAMARCA,29.402
2011-01-01T00:00:00Z,CHACO,61.192
2011-01-01T00:00:00Z,CHUBUT,94.661
2011-01-01T00:00:00Z,CÓRDOBA,487.731
2011-01-01T00:00:00Z,CORRIENTES,67.001
2011-01-01T00:00:00Z,ENTRE RÍOS,125.096
2011-01-01T00:00:00Z,FORMOSA,23.805
2011-01-01T00:00:00Z,JUJUY,56.089
2011-01-01T00:00:00Z,LA PAMPA,34.703
2011-01-01T00:00:00Z,LA RIOJA,27.719
2011-01-01T00:00:00Z,MENDOZA,234.582
2011-01-01T00:00:00Z,MISIONES,87.574
2011-01-01T00:00:00Z,NEUQUÉN,90.854
2011-01-01T00:00:00Z,RíO NEGRO,109.591
2011-01-01T00:00:00Z,SALTA,109.522
2011-01-01T00:00:00Z,SAN JUAN,80.268
2011-01-01T00:00:00Z,SAN LUIS,55.273
2011-01-01T00:00:00Z,SANTA CRUZ,56.617
2011-01-01T00:00:00Z,SANTA FE,475.042
2011-01-01T00:00:00Z,"SANTIAGO 
DEL ESTERO",45.437
2011-01-01T00:00:00Z,TIERRA DEL FUEGO,31.124
2011-01-01T00:00:00Z,TUCUMÁN,137.192
2011-02-01T00:00:00Z,BUENOS AIRES,1872.207
2011-02-01T00:00:00Z,"Cdad. Autónoma 
de Buenos Aires",1508.12
2011-02-01T00:00:00Z,CATAMARCA,32.058
2011-02-01T00:00:00Z,CHACO,62.077
2011-02-01T00:00:00Z,CHUBUT,94.869
2011-02-01T00:00:00Z,CÓRDOBA,487.972
2011-02-01T00:00:00Z,CORRIENTES,67.578
2011-02-01T00:00:00Z,ENTRE RÍOS,124.94
2011-02-01T00:00:00Z,FORMOSA,24.14
2011-02-01T00:00:00Z,JUJUY,55.451
2011-02-01T00:00:00Z,LA PAMPA,35.301
2011-02-01T00:00:00Z,LA RIOJA,33.836
2011-02-01T00:00:00Z,MENDOZA,242.935
2011-02-01T00:00:00Z,MISIONES,90.321
2011-02-01T00:00:00Z,NEUQUÉN,92.304
2011-02-01T00:00:00Z,RíO NEGRO,113.581
2011-02-01T00:00:00Z,SALTA,111.038
2011-02-01T00:00:00Z,SAN JUAN,81.262
2011-02-01T00:00:00Z,SAN LUIS,55.067
2011-02-01T00:00:00Z,SANTA CRUZ,58.025
2011-02-01T00:00:00Z,SANTA FE,474.115
2011-02-01T00:00:00Z,"SANTIAGO 
DEL ESTERO",45.749
2011-02-01T00:00:00Z,TIERRA DEL FUEGO,31.689
2011-02-01T00:00:00Z,TUCUMÁN,138.916
2011-03-01T00:00:00Z,BUENOS AIRES,1856.645
2011-03-01T00:00:00Z,"Cdad. Autónoma 
de Buenos Aires",1513.423
2011-03-01T00:00:00Z,CATAMARCA,33.439
2011-03-01T00:00:00Z,CHACO,63.276
2011-03-01T00:00:00Z,CHUBUT,95.698
2011-03-01T00:00:00Z,CÓRDOBA,487.921
2011-03-01T00:00:00Z,CORRIENTES,68.491
2011-03-01T00:00:00Z,ENTRE RÍOS,128.19
2011-03-01T00:00:00Z,FORMOSA,24.549
2011-03-01T00:00:00Z,JUJUY,52.995
2011-03-01T00:00:00Z,LA PAMPA,35.993
2011-03-01T00:00:00Z,LA RIOJA,35.588
2011-03-01T00:00:00Z,MENDOZA,250.801
2011-03-01T00:00:00Z,MISIONES,93.086
2011-03-01T00:00:00Z,NEUQUÉN,92.102
2011-03-01T00:00:00Z,RíO NEGRO,111.041
2011-03-01T00:00:00Z,SALTA,110.478
2011-03-01T00:00:00Z,SAN JUAN,81.951
2011-03-01T00:00:00Z,SAN LUIS,54.919
2011-03-01T00:00:00Z,SANTA CRUZ,58.738
2011-03-01T00:00:00Z,SANTA FE,478.836
2011-03-01T00:00:00Z,"SANTIAGO 
DEL ESTERO",46.352
2011-03-01T00:00:00Z,TIERRA DEL FUEGO,32.004
2011-03-01T00:00:00Z,TUCUMÁN,146.212
2011-04-01T00:00:00Z,BUENOS AIRES,1850.097
2011-04-01T00:00:00Z,"Cdad. Autónoma 
de Buenos Aires",1515.383
2011-04-01T00:00:00Z,CATAMARCA,33.168
2011-04-01T00:00:00Z,CHACO,64.245
2011-04-01T00:00:00Z,CHUBUT,94.995
2011-04-01T00:00:00Z,CÓRDOBA,490.526
2011-04-01T00:00:00Z,CORRIENTES,69.225
2011-04-01T00:00:00Z,ENTRE RÍOS,129.216
2011-04-01T00:00:00Z,FORMOSA,24.81
2011-04-01T00:00:00Z,JUJUY,50.518
2011-04-01T00:00:00Z,LA PAMPA,36.081
2011-04-01T00:00:00Z,LA RIOJA,34.076
2011-04-01T00:00:00Z,MENDOZA,248.083
2011-04-01T00:00:00Z,MISIONES,95.522
2011-04-01T00:00:00Z,NEUQUÉN,89.384
2011-04-01T00:00:00Z,RíO NEGRO,102.274
2011-04-01T00:00:00Z,SALTA,106.41
2011-04-01T00:00:00Z,SAN JUAN,81.891
2011-04-01T00:00:00Z,SAN LUIS,54.577
2011-04-01T00:00:00Z,SANTA CRUZ,58.51
2011-04-01T00:00:00Z,SANTA FE,481.314
2011-04-01T00:00:00Z,"SANTIAGO 
DEL ESTERO",47.293
2011-04-01T00:00:00Z,TIERRA DEL FUEGO,32.808
2011-04-01T00:00:00Z,TUCUMÁN,155.481
2011-05-01T00:00:00Z,BUENOS AIRES,1849.152
2011-05-01T00:00:00Z,"Cdad. Autónoma 
de Buenos Aires",1519.64
2011-05-01T00:00:00Z,CATAMARCA,32.702
2011-05-01T00:00:00Z,CHACO,66.138
2011-05-01T00:00:00Z,CHUBUT,93.944
2011-05-01T00:00:00Z,CÓRDOBA,491.808
2011-05-01T00:00:00Z,CORRIENTES,69.377
2011-05-01T00:00:00Z,ENTRE RÍOS,130.601
2011-05-01T00:00:00Z,FORMOSA,25.149
2011-05-01T00:00:00Z,JUJUY,51.307
2011-05-01T00:00:00Z,LA PAMPA,36.418
2011-05-01T00:00:00Z,LA RIOJA,32.491
2011-05-01T00:00:00Z,MENDOZA,235.614
2011-05-01T00:00:00Z,MISIONES,96.928
2011-05-01T00:00:00Z,NEUQUÉN,87.757
2011-05-01T00:00:00Z,RíO NEGRO,95.883
2011-05-01T00:00:00Z,SALTA,107.684
2011-05-01T00:00:00Z,SAN JUAN,81.366
2011-05-01T00:00:00Z,SAN LUIS,54.72
2011-05-01T00:00:00Z,SANTA CRUZ,57.949
2011-05-01T00:00:00Z,SANTA FE,482.327
2011-05-01T00:00:00Z,"SANTIAGO 
DEL ESTERO",48.042
2011-05-01T00:00:00Z,TIERRA DEL FUEGO,33.243
2011-05-01T00:00:00Z,TUCUMÁN,163.636
2011-06-01T00:00:00Z,BUENOS AIRES,1853.35
2011-06-01T00:00:00Z,"Cdad. Autónoma 
de Buenos Aires",1518.97
2011-06-01T00:00:00Z,CATAMARCA,32.127
2011-06-01T00:00:00Z,CHACO,66.615
2011-06-01T00:00:00Z,CHUBUT,94.043
2011-06-01T00:00:00Z,CÓRDOBA,491.62
2011-06-01T00:00:00Z,CORRIENTES,69.474
2011-06-01T00:00:00Z,ENTRE RÍOS,131.488
2011-06-01T00:00:00Z,FORMOSA,25.919
2011-06-01T00:00:00Z,JUJUY,52.096
2011-06-01T00:00:00Z,LA PAMPA,36.493
2011-06-01T00:00:00Z,LA RIOJA,31.196
2011-06-01T00:00:00Z,MENDOZA,234.589
2011-06-01T00:00:00Z,MISIONES,96.841
2011-06-01T00:00:00Z,NEUQUÉN,88.421
2011-06-01T00:00:00Z,RíO NEGRO,95.42
2011-06-01T00:00:00Z,SALTA,108.822
2011-06-01T00:00:00Z,SAN JUAN,82.548
2011-06-01T00:00:00Z,SAN LUIS,54.69
2011-06-01T00:00:00Z,SANTA CRUZ,57.515
2011-06-01T00:00:00Z,SANTA FE,484.44
2011-06-01T00:00:00Z,"SANTIAGO 
DEL ESTERO",48.416
2011-06-01T00:00:00Z,TIERRA DEL FUEGO,33.471
2011-06-01T00:00:00Z,TUCUMÁN,167.519
2011-07-01T00:00:00Z,BUENOS AIRES,1854.739
2011-07-01T00:00:00Z,"Cdad. Autónoma 
de Buenos Aires",1524.781
2011-07-01T00:00:00Z,CATAMARCA,30.943
2011-07-01T00:00:00Z,CHACO,66.697
2011-07-01T00:00:00Z,CHUBUT,93.587
2011-07-01T00:00:00Z,CÓRDOBA,493.086
2011-07-01T00:00:00Z,CORRIENTES,69.603
2011-07-01T00:00:00Z,ENTRE RÍOS,132.348
2011-07-01T00:00:00Z,FORMOSA,26.128
2011-07-01T00:00:00Z,JUJUY,52.485
2011-07-01T00:00:00Z,LA PAMPA,36.432
2011-07-01T00:00:00Z,LA RIOJA,29.358
2011-07-01T00:00:00Z,MENDOZA,235.106
2011-07-01T00:00:00Z,MISIONES,97.613
2011-07-01T00:00:00Z,NEUQUÉN,88.623
2011-07-01T00:00:00Z,RíO NEGRO,95.388
2011-07-01T00:00:00Z,SALTA,108.829
2011-07-01T00:00:00Z,SAN JUAN,82.089
2011-07-01T00:00:00Z,SAN LUIS,54.423
2011-07-01T00:00:00Z,SANTA CRUZ,56.594
2011-07-01T00:00:00Z,SANTA FE,484.298
2011-07-01T00:00:00Z,"SANTIAGO 
DEL ESTERO",48.498
2011-07-01T00:00:00Z,TIERRA DEL FUEGO,34.399
2011-07-01T00:00:00Z,TUCUMÁN,167.016
2011-08-01T00:00:00Z,BUENOS AIRES,1863.093
2011-08-01T00:00:00Z,"Cdad. Autónoma 
de Buenos Aires",1531.388
2011-08-01T00:00:00Z,CATAMARCA,30.213
2011-08-01T00:00:00Z,CHACO,66.57
2011-08-01T00:00:00Z,CHUBUT,94.205
2011-08-01T00:00:00Z,CÓRDOBA,494.075
2011-08-01T00:00:00Z,CORRIENTES,70.642
2011-08-01T00:00:00Z,ENTRE RÍOS,133.707
2011-08-01T00:00:00Z,FORMOSA,26.78
2011-08-01T00:00:00Z,JUJUY,54.205
2011-08-01T00:00:00Z,LA PAMPA,36.604
2011-08-01T00:00:00Z,LA RIOJA,28.823
2011-08-01T00:00:00Z,MENDOZA,236.228
2011-08-01T00:00:00Z,MISIONES,97.38
2011-08-01T00:00:00Z,NEUQUÉN,89.336
2011-08-01T00:00:00Z,RíO NEGRO,95.365
2011-08-01T00:00:00Z,SALTA,109.647
2011-08-01T00:00:00Z,SAN JUAN,82.425
2011-08-01T00:00:00Z,SAN LUIS,55.108
2011-08-01T00:00:00Z,SANTA CRUZ,56.907
2011-08-01T00:00:00Z,SANTA FE,487.821
2011-08-01T00:00:00Z,"SANTIAGO 
DEL ESTERO",48.934
2011-08-01T00:00:00Z,TIERRA DEL FUEGO,35.048
2011-08-01T00:00:00Z,TUCUMÁN,167.896
2011-09-01T00:00:00Z,BUENOS AIRES,1878.351
2011-09-01T00:00:00Z,"Cdad. Autónoma 
de Buenos Aires",1532.169
2011-09-01T00:00:00Z,CATAMARCA,30.163
2011-09-01T00:00:00Z,CHACO,66.187
2011-09-01T00:00:00Z,CHUBUT,94.459
2011-09-01T00:00:00Z,CÓRDOBA,496.541
2011-09-01T00:00:00Z,CORRIENTES,70.755
2011-09-01T00:00:00Z,ENTRE RÍOS,133.243
2011-09-01T00:00:00Z,FORMOSA,26.718
2011-09-01T00:00:00Z,JUJUY,55.708
2011-09-01T00:00:00Z,LA PAMPA,36.689
2011-09-01T00:00:00Z,LA RIOJA,28.341
2011-09-01T00:00:00Z,MENDOZA,234.76
2011-09-01T00:00:00Z,MISIONES,96.314
2011-09-01T00:00:00Z,NEUQUÉN,89.36
2011-09-01T00:00:00Z,RíO NEGRO,95.347
2011-09-01T00:00:00Z,SALTA,110.9
2011-09-01T00:00:00Z,SAN JUAN,82.551
2011-09-01T00:00:00Z,SAN LUIS,54.796
2011-09-01T00:00:00Z,SANTA CRUZ,58.405
2011-09-01T00:00:00Z,SANTA FE,488.52
2011-09-01T00:00:00Z,"SANTIAGO 
DEL ESTERO",48.37
2011-09-01T00:00:00Z,TIERRA DEL FUEGO,35.669
2011-09-01T00:00:00Z,TUCUMÁN,164.336
2011-10-01T00:00:00Z,BUENOS AIRES,1884.408
2011-10-01T00:00:00Z,"Cdad. Autónoma 
de Buenos Aires",1535.621
2011-10-01T00:00:00Z,CATAMARCA,30.528
2011-10-01T00:00:00Z,CHACO,67.279
2011-10-01T00:00:00Z,CHUBUT,94.735
2011-10-01T00:00:00Z,CÓRDOBA,500.583
2011-10-01T00:00:00Z,CORRIENTES,71.64
2011-10-01T00:00:00Z,ENTRE RÍOS,141.182
2011-10-01T00:00:00Z,FORMOSA,26.74
2011-10-01T00:00:00Z,JUJUY,56.891
2011-10-01T00:00:00Z,LA PAMPA,36.975
2011-10-01T00:00:00Z,LA RIOJA,28.52
2011-10-01T00:00:00Z,MENDOZA,237.243
2011-10-01T00:00:00Z,MISIONES,95.056
2011-10-01T00:00:00Z,NEUQUÉN,89.339
2011-10-01T00:00:00Z,RíO NEGRO,95.67
2011-10-01T00:00:00Z,SALTA,114.482
2011-10-01T00:00:00Z,SAN JUAN,83.398
2011-10-01T00:00:00Z,SAN LUIS,55.857
2011-10-01T00:00:00Z,SANTA CRUZ,59.669
2011-10-01T00:00:00Z,SANTA FE,490.649
2011-10-01T00:00:00Z,"SANTIAGO 
DEL ESTERO",48.424
2011-10-01T00:00:00Z,TIERRA DEL FUEGO,36.434
2011-10-01T00:00:00Z,TUCUMÁN,166.167
2011-11-01T00:00:00Z,BUENOS AIRES,1905.684
2011-11-01T00:00:00Z,"Cdad. Autónoma 
de Buenos Aires",1543.905
2011-11-01T00:00:00Z,CATAMARCA,31.392
2011-11-01T00:00:00Z,CHACO,66.967
2011-11-01T00:00:00Z,CHUBUT,95.532
2011-11-01T00:00:00Z,CÓRDOBA,504.183
2011-11-01T00:00:00Z,CORRIENTES,72.267
2011-11-01T00:00:00Z,ENTRE RÍOS,142.591
2011-11-01T00:00:00Z,FORMOSA,26.771
2011-11-01T00:00:00Z,JUJUY,57.471
2011-11-01T00:00:00Z,LA PAMPA,36.879
2011-11-01T00:00:00Z,LA RIOJA,28.429
2011-11-01T00:00:00Z,MENDOZA,239.946
2011-11-01T00:00:00Z,MISIONES,95.641
2011-11-01T00:00:00Z,NEUQUÉN,90.388
2011-11-01T00:00:00Z,RíO NEGRO,98.301
2011-11-01T00:00:00Z,SALTA,115.576
2011-11-01T00:00:00Z,SAN JUAN,85.184
2011-11-01T00:00:00Z,SAN LUIS,56.14
2011-11-01T00:00:00Z,SANTA CRUZ,60.038
2011-11-01T00:00:00Z,SANTA FE,495.203
2011-11-01T00:00:00Z,"SANTIAGO 
DEL ESTERO",47.848
2011-11-01T00:00:00Z,TIERRA DEL FUEGO,36.972
2011-11-01T00:00:00Z,TUCUMÁN,157.262
2011-12-01T00:00:00Z,BUENOS AIRES,1920.996
2011-12-01T00:00:00Z,"Cdad. Autónoma 
de Buenos Aires",1546.032
2011-12-01T00:00:00Z,CATAMARCA,30.677
2011-12-01T00:00:00Z,CHACO,66.55
2011-12-01T00:00:00Z,CHUBUT,96.577
2011-12-01T00:00:00Z,CÓRDOBA,505.396
2011-12-01T00:00:00Z,CORRIENTES,71.239
2011-12-01T00:00:00Z,ENTRE RÍOS,136.017
2011-12-01T00:00:00Z,FORMOSA,26.108
2011-12-01T00:00:00Z,JUJUY,58.989
2011-12-01T00:00:00Z,LA PAMPA,36.49
2011-12-01T00:00:00Z,LA RIOJA,28.324
2011-12-01T00:00:00Z,MENDOZA,240.773
2011-12-01T00:00:00Z,MISIONES,93.965
2011-12-01T00:00:00Z,NEUQUÉN,90.642
2011-12-01T00:00:00Z,RíO NEGRO,98.131
2011-12-01T00:00:00Z,SALTA,112.798
2011-12-01T00:00:00Z,SAN JUAN,85.923
2011-12-01T00:00:00Z,SAN LUIS,56.64
2011-12-01T00:00:00Z,SANTA CRUZ,60.434
2011-12-01T00:00:00Z,SANTA FE,497.968
2011-12-01T00:00:00Z,"SANTIAGO 
DEL ESTERO",47.514
2011-12-01T00:00:00Z,TIERRA DEL FUEGO,37.141
2011-12-01T00:00:00Z,TUCUMÁN,154.097
2012-01-01T00:00:00Z,BUENOS AIRES,1945.743
2012-01-01T00:00:00Z,"Cdad. Autónoma 
de Buenos Aires",1534.103
2012-01-01T00:00:00Z,CATAMARCA,30.054
2012-01-01T00:00:00Z,CHACO,65.476
2012-01-01T00:00:00Z,CHUBUT,95.244
2012-01-01T00:00:00Z,CÓRDOBA,504.916
2012-01-01T00:00:00Z,CORRIENTES,70.699
2012-01-01T00:00:00Z,ENTRE RÍOS,133.255
2012-01-01T00:00:00Z,FORMOSA,25.834
2012-01-01T00:00:00Z,JUJUY,58.937
2012-01-01T00:00:00Z,LA PAMPA,35.867
2012-01-01T00:00:00Z,LA RIOJA,28.641
2012-01-01T00:00:00Z,MENDOZA,240.942
2012-01-01T00:00:00Z,MISIONES,93.031
2012-01-01T00:00:00Z,NEUQUÉN,91.6
2012-01-01T00:00:00Z,RíO NEGRO,110.05
2012-01-01T00:00:00Z,SALTA,112.739
2012-01-01T00:00:00Z,SAN JUAN,86.291
2012-01-01T00:00:00Z,SAN LUIS,56.886
2012-01-01T00:00:00Z,SANTA CRUZ,61.388
2012-01-01T00:00:00Z,SANTA FE,493.457
2012-01-01T00:00:00Z,"SANTIAGO 
DEL ESTERO",46.742
2012-01-01T00:00:00Z,TIERRA DEL FUEGO,34.73
2012-01-01T00:00:00Z,TUCUMÁN,149.328
2012-02-01T00:00:00Z,BUENOS AIRES,1936.715
2012-02-01T00:00:00Z,"Cdad. Autónoma 
de Buenos Aires",1532.406
2012-02-01T00:00:00Z,CATAMARCA,30.444
2012-02-01T00:00:00Z,CHACO,65.731
2012-02-01T00:00:00Z,CHUBUT,94.694
2012-02-01T00:00:00Z,CÓRDOBA,501.24
2012-02-01T00:00:00Z,CORRIENTES,70.789
2012-02-01T00:00:00Z,ENTRE RÍOS,133.2
2012-02-01T00:00:00Z,FORMOSA,26.159
2012-02-01T00:00:00Z,JUJUY,58.381
2012-02-01T00:00:00Z,LA PAMPA,35.579
2012-02-01T00:00:00Z,LA RIOJA,32.005
2012-02-01T00:00:00Z,MENDOZA,249.093
2012-02-01T00:00:00Z,MISIONES,93.887
2012-02-01T00:00:00Z,NEUQUÉN,92.679
2012-02-01T00:00:00Z,RíO NEGRO,112.189
2012-02-01T00:00:00Z,SALTA,112.657
2012-02-01T00:00:00Z,SAN JUAN,87.052
2012-02-01T00:00:00Z,SAN LUIS,56.517
2012-02-01T00:00:00Z,SANTA CRUZ,61.913
2012-02-01T00:00:00Z,SANTA FE,490.287
2012-02-01T00:00:00Z,"SANTIAGO 
DEL ESTERO",46.579
2012-02-01T00:00:00Z,TIERRA DEL FUEGO,35.146
2012-02-01T00:00:00Z,TUCUMÁN,148.04
2012-03-01T00:00:00Z,BUENOS AIRES,1924.885
2012-03-01T00:00:00Z,"Cdad. Autónoma 
de Buenos Aires",1537.417
2012-03-01T00:00:00Z,CATAMARCA,31.203
2012-03-01T00:00:00Z,CHACO,66.89
2012-03-01T00:00:00Z,CHUBUT,94.94
2012-03-01T00:00:00Z,CÓRDOBA,499.672
2012-03-01T00:00:00Z,CORRIENTES,71.102
2012-03-01T00:00:00Z,ENTRE RÍOS,133.778
2012-03-01T00:00:00Z,FORMOSA,25.967
2012-03-01T00:00:00Z,JUJUY,54.652
2012-03-01T00:00:00Z,LA PAMPA,35.615
2012-03-01T00:00:00Z,LA RIOJA,33.009
2012-03-01T00:00:00Z,MENDOZA,258.377
2012-03-01T00:00:00Z,MISIONES,96.087
2012-03-01T00:00:00Z,NEUQUÉN,92.842
2012-03-01T00:00:00Z,RíO NEGRO,110.2
2012-03-01T00:00:00Z,SALTA,109.959
2012-03-01T00:00:00Z,SAN JUAN,89.114
2012-03-01T00:00:00Z,SAN LUIS,56.9
2012-03-01T00:00:00Z,SANTA CRUZ,62.505
2012-03-01T00:00:00Z,SANTA FE,493.335
2012-03-01T00:00:00Z,"SANTIAGO 
DEL ESTERO",47.038
2012-03-01T00:00:00Z,TIERRA DEL FUEGO,36.096
2012-03-01T00:00:00Z,TUCUMÁN,150.789
2012-04-01T00:00:00Z,BUENOS AIRES,1904.162
2012-04-01T00:00:00Z,"Cdad. Autónoma 
de Buenos Aires",1527.298
2012-04-01T00:00:00Z,CATAMARCA,30.891
2012-04-01T00:00:00Z,CHACO,67.163
2012-04-01T00:00:00Z,CHUBUT,93.591
2012-04-01T00:00:00Z,CÓRDOBA,496.183
2012-04-01T00:00:00Z,CORRIENTES,71.169
2012-04-01T00:00:00Z,ENTRE RÍOS,132.695
2012-04-01T00:00:00Z,FORMOSA,25.7
2012-04-01T00:00:00Z,JUJUY,51.488
2012-04-01T00:00:00Z,LA PAMPA,35.403
2012-04-01T00:00:00Z,LA RIOJA,30.699
2012-04-01T00:00:00Z,MENDOZA,255.338
2012-04-01T00:00:00Z,MISIONES,97.306
2012-04-01T00:00:00Z,NEUQUÉN,90.621
2012-04-01T00:00:00Z,RíO NEGRO,101.035
2012-04-01T00:00:00Z,SALTA,105.355
2012-04-01T00:00:00Z,SAN JUAN,87.575
2012-04-01T00:00:00Z,SAN LUIS,56.427
2012-04-01T00:00:00Z,SANTA CRUZ,61.9
2012-04-01T00:00:00Z,SANTA FE,492.662
2012-04-01T00:00:00Z,"SANTIAGO 
DEL ESTERO",47.375
2012-04-01T00:00:00Z,TIERRA DEL FUEGO,36.346
2012-04-01T00:00:00Z,TUCUMÁN,156.665
2012-05-01T00:00:00Z,BUENOS AIRES,1903.065
2012-05-01T00:00:00Z,"Cdad. Autónoma 
de Buenos Aires",1525.237
2012-05-01T00:00:00Z,CATAMARCA,30.533
2012-05-01T00:00:00Z,CHACO,68.082
2012-05-01T00:00:00Z,CHUBUT,93.275
2012-05-01T00:00:00Z,CÓRDOBA,494.767
2012-05-01T00:00:00Z,CORRIENTES,70.844
2012-05-01T00:00:00Z,ENTRE RÍOS,134.162
2012-05-01T00:00:00Z,FORMOSA,25.706
2012-05-01T00:00:00Z,JUJUY,51.713
2012-05-01T00:00:00Z,LA PAMPA,35.554
2012-05-01T00:00:00Z,LA RIOJA,29.858
2012-05-01T00:00:00Z,MENDOZA,240.547
2012-05-01T00:00:00Z,MISIONES,98.524
2012-05-01T00:00:00Z,NEUQUÉN,88.966
2012-05-01T00:00:00Z,RíO NEGRO,96.927
2012-05-01T00:00:00Z,SALTA,106.539
2012-05-01T00:00:00Z,SAN JUAN,86.759
2012-05-01T00:00:00Z,SAN LUIS,56.168
2012-05-01T00:00:00Z,SANTA CRUZ,61.187
2012-05-01T00:00:00Z,SANTA FE,492.007
2012-05-01T00:00:00Z,"SANTIAGO 
DEL ESTERO",47.419
2012-05-01T00:00:00Z,TIERRA DEL FUEGO,36.726
2012-05-01T00:00:00Z,TUCUMÁN,168.052
2012-06-01T00:00:00Z,BUENOS AIRES,1897.415
2012-06-01T00:00:00Z,"Cdad. Autónoma 
de Buenos Aires",1521.463
2012-06-01T00:00:00Z,CATAMARCA,30.147
2012-06-01T00:00:00Z,CHACO,68.283
2012-06-01T00:00:00Z,CHUBUT,93.451
2012-06-01T00:00:00Z,CÓRDOBA,493.645
2012-06-01T00:00:00Z,CORRIENTES,70.81
2012-06-01T00:00:00Z,ENTRE RÍOS,133.453
2012-06-01T00:00:00Z,FORMOSA,25.403
2012-06-01T00:00:00Z,JUJUY,52.408
2012-06-01T00:00:00Z,LA PAMPA,35.581
2012-06-01T00:00:00Z,LA RIOJA,28.772
2012-06-01T00:00:00Z,MENDOZA,240.387
2012-06-01T00:00:00Z,MISIONES,98.714
2012-06-01T00:00:00Z,NEUQUÉN,89.33
2012-06-01T00:00:00Z,RíO NEGRO,96.522
2012-06-01T00:00:00Z,SALTA,107.49
2012-06-01T00:00:00Z,SAN JUAN,87.12
2012-06-01T00:00:00Z,SAN LUIS,55.929
2012-06-01T00:00:00Z,SANTA CRUZ,59.921
2012-06-01T00:00:00Z,SANTA FE,491.11
2012-06-01T00:00:00Z,"SANTIAGO 
DEL ESTERO",47.036
2012-06-01T00:00:00Z,TIERRA DEL FUEGO,36.781
2012-06-01T00:00:00Z,TUCUMÁN,172.16
2012-07-01T00:00:00Z,BUENOS AIRES,1896.625
2012-07-01T00:00:00Z,"Cdad. Autónoma 
de Buenos Aires",1521.281
2012-07-01T00:00:00Z,CATAMARCA,29.956
2012-07-01T00:00:00Z,CHACO,68.1
2012-07-01T00:00:00Z,CHUBUT,93.213
2012-07-01T00:00:00Z,CÓRDOBA,492.676
2012-07-01T00:00:00Z,CORRIENTES,70.908
2012-07-01T00:00:00Z,ENTRE RÍOS,133.182
2012-07-01T00:00:00Z,FORMOSA,24.984
2012-07-01T00:00:00Z,JUJUY,52.642
2012-07-01T00:00:00Z,LA PAMPA,35.338
2012-07-01T00:00:00Z,LA RIOJA,28.209
2012-07-01T00:00:00Z,MENDOZA,239.582
2012-07-01T00:00:00Z,MISIONES,98.664
2012-07-01T00:00:00Z,NEUQUÉN,90.298
2012-07-01T00:00:00Z,RíO NEGRO,96.67
2012-07-01T00:00:00Z,SALTA,107.628
2012-07-01T00:00:00Z,SAN JUAN,86.948
2012-07-01T00:00:00Z,SAN LUIS,55.708
2012-07-01T00:00:00Z,SANTA CRUZ,59.078
2012-07-01T00:00:00Z,SANTA FE,488.642
2012-07-01T00:00:00Z,"SANTIAGO 
DEL ESTERO",47.729
2012-07-01T00:00:00Z,TIERRA DEL FUEGO,37.283
2012-07-01T00:00:00Z,TUCUMÁN,171.533
2012-08-01T00:00:00Z,BUENOS AIRES,1899.763
2012-08-01T00:00:00Z,"Cdad. Autónoma 
de Buenos Aires",1519.97
2012-08-01T00:00:00Z,CATAMARCA,30.131
2012-08-01T00:00:00Z,CHACO,67.872
2012-08-01T00:00:00Z,CHUBUT,94.21
2012-08-01T00:00:00Z,CÓRDOBA,492.927
2012-08-01T00:00:00Z,CORRIENTES,70.973
2012-08-01T00:00:00Z,ENTRE RÍOS,133.411
2012-08-01T00:00:00Z,FORMOSA,25.229
2012-08-01T00:00:00Z,JUJUY,53.637
2012-08-01T00:00:00Z,LA PAMPA,35.376
2012-08-01T00:00:00Z,LA RIOJA,28.176
2012-08-01T00:00:00Z,MENDOZA,239.634
2012-08-01T00:00:00Z,MISIONES,98.027
2012-08-01T00:00:00Z,NEUQUÉN,90.524
2012-08-01T00:00:00Z,RíO NEGRO,97.298
2012-08-01T00:00:00Z,SALTA,106.728
2012-08-01T00:00:00Z,SAN JUAN,87.068
2012-08-01T00:00:00Z,SAN LUIS,55.549
2012-08-01T00:00:00Z,SANTA CRUZ,59.408
2012-08-01T00:00:00Z,SANTA FE,488.553
2012-08-01T00:00:00Z,"SANTIAGO 
DEL ESTERO",47.985
2012-08-01T00:00:00Z,TIERRA DEL FUEGO,37.668
2012-08-01T00:00:00Z,TUCUMÁN,169.474
2012-09-01T00:00:00Z,BUENOS AIRES,1898.986
2012-09-01T00:00:00Z,"Cdad. Autónoma 
de Buenos Aires",1517.928
2012-09-01T00:00:00Z,CATAMARCA,30.306
2012-09-01T00:00:00Z,CHACO,67.315
2012-09-01T00:00:00Z,CHUBUT,94.327
2012-09-01T00:00:00Z,CÓRDOBA,493.204
2012-09-01T00:00:00Z,CORRIENTES,70.937
2012-09-01T00:00:00Z,ENTRE RÍOS,133.307
2012-09-01T00:00:00Z,FORMOSA,25.205
2012-09-01T00:00:00Z,JUJUY,55.497
2012-09-01T00:00:00Z,LA PAMPA,35.28
2012-09-01T00:00:00Z,LA RIOJA,27.968
2012-09-01T00:00:00Z,MENDOZA,238.136
2012-09-01T00:00:00Z,MISIONES,96.004
2012-09-01T00:00:00Z,NEUQUÉN,90.698
2012-09-01T00:00:00Z,RíO NEGRO,96.272
2012-09-01T00:00:00Z,SALTA,109.065
2012-09-01T00:00:00Z,SAN JUAN,87.267
2012-09-01T00:00:00Z,SAN LUIS,55.154
2012-09-01T00:00:00Z,SANTA CRUZ,59.876
2012-09-01T00:00:00Z,SANTA FE,487.664
2012-09-01T00:00:00Z,"SANTIAGO 
DEL ESTERO",47.874
2012-09-01T00:00:00Z,TIERRA DEL FUEGO,38.354
2012-09-01T00:00:00Z,TUCUMÁN,166.176
2012-10-01T00:00:00Z,BUENOS AIRES,1910.205
2012-10-01T00:00:00Z,"Cdad. Autónoma 
de Buenos Aires",1525.372
2012-10-01T00:00:00Z,CATAMARCA,30.77
2012-10-01T00:00:00Z,CHACO,67.62
2012-10-01T00:00:00Z,CHUBUT,95.161
2012-10-01T00:00:00Z,CÓRDOBA,496.698
2012-10-01T00:00:00Z,CORRIENTES,71.368
2012-10-01T00:00:00Z,ENTRE RÍOS,141.399
2012-10-01T00:00:00Z,FORMOSA,25.292
2012-10-01T00:00:00Z,JUJUY,56.178
2012-10-01T00:00:00Z,LA PAMPA,35.4
2012-10-01T00:00:00Z,LA RIOJA,28.179
2012-10-01T00:00:00Z,MENDOZA,239.43
2012-10-01T00:00:00Z,MISIONES,94.762
2012-10-01T00:00:00Z,NEUQUÉN,91.28
2012-10-01T00:00:00Z,RíO NEGRO,96.69
2012-10-01T00:00:00Z,SALTA,112.287
2012-10-01T00:00:00Z,SAN JUAN,88.005
2012-10-01T00:00:00Z,SAN LUIS,55.673
2012-10-01T00:00:00Z,SANTA CRUZ,60.893
2012-10-01T00:00:00Z,SANTA FE,490.891
2012-10-01T00:00:00Z,"SANTIAGO 
DEL ESTERO",47.892
2012-10-01T00:00:00Z,TIERRA DEL FUEGO,38.97
2012-10-01T00:00:00Z,TUCUMÁN,163.04
2012-11-01T00:00:00Z,BUENOS AIRES,1920.534
2012-11-01T00:00:00Z,"Cdad. Autónoma 
de Buenos Aires",1527.307
2012-11-01T00:00:00Z,CATAMARCA,31.528
2012-11-01T00:00:00Z,CHACO,67.535
2012-11-01T00:00:00Z,CHUBUT,95.903
2012-11-01T00:00:00Z,CÓRDOBA,499.957
2012-11-01T00:00:00Z,CORRIENTES,71.77
2012-11-01T00:00:00Z,ENTRE RÍOS,141.222
2012-11-01T00:00:00Z,FORMOSA,25.317
2012-11-01T00:00:00Z,JUJUY,57.108
2012-11-01T00:00:00Z,LA PAMPA,35.972
2012-11-01T00:00:00Z,LA RIOJA,28.433
2012-11-01T00:00:00Z,MENDOZA,242.807
2012-11-01T00:00:00Z,MISIONES,96.213
2012-11-01T00:00:00Z,NEUQUÉN,92.513
2012-11-01T00:00:00Z,RíO NEGRO,99.396
2012-11-01T00:00:00Z,SALTA,112.072
2012-11-01T00:00:00Z,SAN JUAN,89.411
2012-11-01T00:00:00Z,SAN LUIS,55.896
2012-11-01T00:00:00Z,SANTA CRUZ,60.714
2012-11-01T00:00:00Z,SANTA FE,492.746
2012-11-01T00:00:00Z,"SANTIAGO 
DEL ESTERO",47.984
2012-11-01T00:00:00Z,TIERRA DEL FUEGO,39.526
2012-11-01T00:00:00Z,TUCUMÁN,155.271
2012-12-01T00:00:00Z,BUENOS AIRES,1943.766
2012-12-01T00:00:00Z,"Cdad. Autónoma 
de Buenos Aires",1530.503
2012-12-01T00:00:00Z,CATAMARCA,30.803
2012-12-01T00:00:00Z,CHACO,67.346
2012-12-01T00:00:00Z,CHUBUT,96.017
2012-12-01T00:00:00Z,CÓRDOBA,502.66
2012-12-01T00:00:00Z,CORRIENTES,71.231
2012-12-01T00:00:00Z,ENTRE RÍOS,135.716
2012-12-01T00:00:00Z,FORMOSA,25.012
2012-12-01T00:00:00Z,JUJUY,58.253
2012-12-01T00:00:00Z,LA PAMPA,36.301
2012-12-01T00:00:00Z,LA RIOJA,28.455
2012-12-01T00:00:00Z,MENDOZA,244.286
2012-12-01T00:00:00Z,MISIONES,94.633
2012-12-01T00:00:00Z,NEUQUÉN,93.257
2012-12-01T00:00:00Z,RíO NEGRO,100.017
2012-12-01T00:00:00Z,SALTA,110.842
2012-12-01T00:00:00Z,SAN JUAN,90.882
2012-12-01T00:00:00Z,SAN LUIS,56.09
2012-12-01T00:00:00Z,SANTA CRUZ,61.001
2012-12-01T00:00:00Z,SANTA FE,495.681
2012-12-01T00:00:00Z,"SANTIAGO 
DEL ESTERO",47.765
2012-12-01T00:00:00Z,TIERRA DEL FUEGO,40.108
2012-12-01T00:00:00Z,TUCUMÁN,152.052
2013-01-01T00:00:00Z,BUENOS AIRES,1958.878
2013-01-01T00:00:00Z,"Cdad. Autónoma 
de Buenos Aires",1524.331
2013-01-01T00:00:00Z,CATAMARCA,30.531
2013-01-01T00:00:00Z,CHACO,66.27
2013-01-01T00:00:00Z,CHUBUT,95.08
2013-01-01T00:00:00Z,CÓRDOBA,504.907
2013-01-01T00:00:00Z,CORRIENTES,70.755
2013-01-01T00:00:00Z,ENTRE RÍOS,133.728
2013-01-01T00:00:00Z,FORMOSA,24.902
2013-01-01T00:00:00Z,JUJUY,57.939
2013-01-01T00:00:00Z,LA PAMPA,36.42
2013-01-01T00:00:00Z,LA RIOJA,28.831
2013-01-01T00:00:00Z,MENDOZA,245.472
2013-01-01T00:00:00Z,MISIONES,95.217
2013-01-01T00:00:00Z,NEUQUÉN,96.087
2013-01-01T00:00:00Z,RíO NEGRO,113.021
2013-01-01T00:00:00Z,SALTA,111.577
2013-01-01T00:00:00Z,SAN JUAN,91.115
2013-01-01T00:00:00Z,SAN LUIS,55.956
2013-01-01T00:00:00Z,SANTA CRUZ,61.531
2013-01-01T00:00:00Z,SANTA FE,493.575
2013-01-01T00:00:00Z,"SANTIAGO 
DEL ESTERO",47.223
2013-01-01T00:00:00Z,TIERRA DEL FUEGO,38.344
2013-01-01T00:00:00Z,TUCUMÁN,147.831
2013-02-01T00:00:00Z,BUENOS AIRES,1952.564
2013-02-01T00:00:00Z,"Cdad. Autónoma 
de Buenos Aires",1522.206
2013-02-01T00:00:00Z,CATAMARCA,31.661
2013-02-01T00:00:00Z,CHACO,66.95
2013-02-01T00:00:00Z,CHUBUT,95.078
2013-02-01T00:00:00Z,CÓRDOBA,502.263
2013-02-01T00:00:00Z,CORRIENTES,70.822
2013-02-01T00:00:00Z,ENTRE RÍOS,133.147
2013-02-01T00:00:00Z,FORMOSA,25.03
2013-02-01T00:00:00Z,JUJUY,57.184
2013-02-01T00:00:00Z,LA PAMPA,36.331
2013-02-01T00:00:00Z,LA RIOJA,34.483
2013-02-01T00:00:00Z,MENDOZA,253.952
2013-02-01T00:00:00Z,MISIONES,96.879
2013-02-01T00:00:00Z,NEUQUÉN,97.487
2013-02-01T00:00:00Z,RíO NEGRO,114.139
2013-02-01T00:00:00Z,SALTA,111.157
2013-02-01T00:00:00Z,SAN JUAN,93.073
2013-02-01T00:00:00Z,SAN LUIS,55.795
2013-02-01T00:00:00Z,SANTA CRUZ,62.436
2013-02-01T00:00:00Z,SANTA FE,491.601
2013-02-01T00:00:00Z,"SANTIAGO 
DEL ESTERO",47.185
2013-02-01T00:00:00Z,TIERRA DEL FUEGO,38.752
2013-02-01T00:00:00Z,TUCUMÁN,146.542
2013-03-01T00:00:00Z,BUENOS AIRES,1932.927
2013-03-01T00:00:00Z,"Cdad. Autónoma 
de Buenos Aires",1525.058
2013-03-01T00:00:00Z,CATAMARCA,32.203
2013-03-01T00:00:00Z,CHACO,67.749
2013-03-01T00:00:00Z,CHUBUT,94.629
2013-03-01T00:00:00Z,CÓRDOBA,501.697
2013-03-01T00:00:00Z,CORRIENTES,71.081
2013-03-01T00:00:00Z,ENTRE RÍOS,133.367
2013-03-01T00:00:00Z,FORMOSA,25.143
2013-03-01T00:00:00Z,JUJUY,53.652
2013-03-01T00:00:00Z,LA PAMPA,36.435
2013-03-01T00:00:00Z,LA RIOJA,35.765
2013-03-01T00:00:00Z,MENDOZA,262.792
2013-03-01T00:00:00Z,MISIONES,99.363
2013-03-01T00:00:00Z,NEUQUÉN,97.639
2013-03-01T00:00:00Z,RíO NEGRO,111.461
2013-03-01T00:00:00Z,SALTA,109.374
2013-03-01T00:00:00Z,SAN JUAN,94.78
2013-03-01T00:00:00Z,SAN LUIS,56.234
2013-03-01T00:00:00Z,SANTA CRUZ,62.482
2013-03-01T00:00:00Z,SANTA FE,494.817
2013-03-01T00:00:00Z,"SANTIAGO 
DEL ESTERO",48.563
2013-03-01T00:00:00Z,TIERRA DEL FUEGO,39.424
2013-03-01T00:00:00Z,TUCUMÁN,152.972
2013-04-01T00:00:00Z,BUENOS AIRES,1925.175
2013-04-01T00:00:00Z,"Cdad. Autónoma 
de Buenos Aires",1520.99
2013-04-01T00:00:00Z,CATAMARCA,32.566
2013-04-01T00:00:00Z,CHACO,68.493
2013-04-01T00:00:00Z,CHUBUT,93.813
2013-04-01T00:00:00Z,CÓRDOBA,500.965
2013-04-01T00:00:00Z,CORRIENTES,71.189
2013-04-01T00:00:00Z,ENTRE RÍOS,133.835
2013-04-01T00:00:00Z,FORMOSA,25.3
2013-04-01T00:00:00Z,JUJUY,52.37
2013-04-01T00:00:00Z,LA PAMPA,36.471
2013-04-01T00:00:00Z,LA RIOJA,33.456
2013-04-01T00:00:00Z,MENDOZA,262.39
2013-04-01T00:00:00Z,MISIONES,101.371
2013-04-01T00:00:00Z,NEUQUÉN,95.136
2013-04-01T00:00:00Z,RíO NEGRO,103.126
2013-04-01T00:00:00Z,SALTA,105.411
2013-04-01T00:00:00Z,SAN JUAN,94.791
2013-04-01T00:00:00Z,SAN LUIS,56.314
2013-04-01T00:00:00Z,SANTA CRUZ,61.874
2013-04-01T00:00:00Z,SANTA FE,495.179
2013-04-01T00:00:00Z,"SANTIAGO 
DEL ESTERO",49.208
2013-04-01T00:00:00Z,TIERRA DEL FUEGO,39.155
2013-04-01T00:00:00Z,TUCUMÁN,163.031
2013-05-01T00:00:00Z,BUENOS AIRES,1916.492
2013-05-01T00:00:00Z,"Cdad. Autónoma 
de Buenos Aires",1516.106
2013-05-01T00:00:00Z,CATAMARCA,32.365
2013-05-01T00:00:00Z,CHACO,69.454
2013-05-01T00:00:00Z,CHUBUT,93.347
2013-05-01T00:00:00Z,CÓRDOBA,499.424
2013-05-01T00:00:00Z,CORRIENTES,70.936
2013-05-01T00:00:00Z,ENTRE RÍOS,133.767
2013-05-01T00:00:00Z,FORMOSA,25.453
2013-05-01T00:00:00Z,JUJUY,52.807
2013-05-01T00:00:00Z,LA PAMPA,36.516
2013-05-01T00:00:00Z,LA RIOJA,31.715
2013-05-01T00:00:00Z,MENDOZA,242.911
2013-05-01T00:00:00Z,MISIONES,102.498
2013-05-01T00:00:00Z,NEUQUÉN,93.717
2013-05-01T00:00:00Z,RíO NEGRO,100.223
2013-05-01T00:00:00Z,SALTA,105.763
2013-05-01T00:00:00Z,SAN JUAN,92.464
2013-05-01T00:00:00Z,SAN LUIS,56.066
2013-05-01T00:00:00Z,SANTA CRUZ,61.04
2013-05-01T00:00:00Z,SANTA FE,496.232
2013-05-01T00:00:00Z,"SANTIAGO 
DEL ESTERO",49.276
2013-05-01T00:00:00Z,TIERRA DEL FUEGO,39.362
2013-05-01T00:00:00Z,TUCUMÁN,167.454
2013-06-01T00:00:00Z,BUENOS AIRES,1908.564
2013-06-01T00:00:00Z,"Cdad. Autónoma 
de Buenos Aires",1513.471
2013-06-01T00:00:00Z,CATAMARCA,32.07
2013-06-01T00:00:00Z,CHACO,70.196
2013-06-01T00:00:00Z,CHUBUT,92.688
2013-06-01T00:00:00Z,CÓRDOBA,497.703
2013-06-01T00:00:00Z,CORRIENTES,70.694
2013-06-01T00:00:00Z,ENTRE RÍOS,134.297
2013-06-01T00:00:00Z,FORMOSA,25.399
2013-06-01T00:00:00Z,JUJUY,53.518
2013-06-01T00:00:00Z,LA PAMPA,36.467
2013-06-01T00:00:00Z,LA RIOJA,31.007
2013-06-01T00:00:00Z,MENDOZA,238.864
2013-06-01T00:00:00Z,MISIONES,103.091
2013-06-01T00:00:00Z,NEUQUÉN,93.845
2013-06-01T00:00:00Z,RíO NEGRO,99.874
2013-06-01T00:00:00Z,SALTA,105.562
2013-06-01T00:00:00Z,SAN JUAN,91.369
2013-06-01T00:00:00Z,SAN LUIS,55.925
2013-06-01T00:00:00Z,SANTA CRUZ,59.709
2013-06-01T00:00:00Z,SANTA FE,493.949
2013-06-01T00:00:00Z,"SANTIAGO 
DEL ESTERO",49.25
2013-06-01T00:00:00Z,TIERRA DEL FUEGO,39.355
2013-06-01T00:00:00Z,TUCUMÁN,168.537
2013-07-01T00:00:00Z,BUENOS AIRES,1909.407
2013-07-01T00:00:00Z,"Cdad. Autónoma 
de Buenos Aires",1517.973
2013-07-01T00:00:00Z,CATAMARCA,31.825
2013-07-01T00:00:00Z,CHACO,71.002
2013-07-01T00:00:00Z,CHUBUT,93.198
2013-07-01T00:00:00Z,CÓRDOBA,499.359
2013-07-01T00:00:00Z,CORRIENTES,70.772
2013-07-01T00:00:00Z,ENTRE RÍOS,134.608
2013-07-01T00:00:00Z,FORMOSA,25.787
2013-07-01T00:00:00Z,JUJUY,53.837
2013-07-01T00:00:00Z,LA PAMPA,36.444
2013-07-01T00:00:00Z,LA RIOJA,30.54
2013-07-01T00:00:00Z,MENDOZA,239.009
2013-07-01T00:00:00Z,MISIONES,103.62
2013-07-01T00:00:00Z,NEUQUÉN,96.067
2013-07-01T00:00:00Z,RíO NEGRO,101.006
2013-07-01T00:00:00Z,SALTA,106.327
2013-07-01T00:00:00Z,SAN JUAN,90.636
2013-07-01T00:00:00Z,SAN LUIS,56.163
2013-07-01T00:00:00Z,SANTA CRUZ,59.3
2013-07-01T00:00:00Z,SANTA FE,493.372
2013-07-01T00:00:00Z,"SANTIAGO 
DEL ESTERO",49.427
2013-07-01T00:00:00Z,TIERRA DEL FUEGO,39.737
2013-07-01T00:00:00Z,TUCUMÁN,168.565
2013-08-01T00:00:00Z,BUENOS AIRES,1920.657
2013-08-01T00:00:00Z,"Cdad. Autónoma 
de Buenos Aires",1516.665
2013-08-01T00:00:00Z,CATAMARCA,31.984
2013-08-01T00:00:00Z,CHACO,72.852
2013-08-01T00:00:00Z,CHUBUT,94.141
2013-08-01T00:00:00Z,CÓRDOBA,499.407
2013-08-01T00:00:00Z,CORRIENTES,71.524
2013-08-01T00:00:00Z,ENTRE RÍOS,135.414
2013-08-01T00:00:00Z,FORMOSA,26.167
2013-08-01T00:00:00Z,JUJUY,55.386
2013-08-01T00:00:00Z,LA PAMPA,36.549
2013-08-01T00:00:00Z,LA RIOJA,30.009
2013-08-01T00:00:00Z,MENDOZA,239.623
2013-08-01T00:00:00Z,MISIONES,102.692
2013-08-01T00:00:00Z,NEUQUÉN,96.807
2013-08-01T00:00:00Z,RíO NEGRO,100.868
2013-08-01T00:00:00Z,SALTA,107.336
2013-08-01T00:00:00Z,SAN JUAN,88.899
2013-08-01T00:00:00Z,SAN LUIS,56.418
2013-08-01T00:00:00Z,SANTA CRUZ,59.576
2013-08-01T00:00:00Z,SANTA FE,494.561
2013-08-01T00:00:00Z,"SANTIAGO 
DEL ESTERO",49.408
2013-08-01T00:00:00Z,TIERRA DEL FUEGO,40.451
2013-08-01T00:00:00Z,TUCUMÁN,165.571
2013-09-01T00:00:00Z,BUENOS AIRES,1919.411
2013-09-01T00:00:00Z,"Cdad. Autónoma 
de Buenos Aires",1516.173
2013-09-01T00:00:00Z,CATAMARCA,31.379
2013-09-01T00:00:00Z,CHACO,72.698
2013-09-01T00:00:00Z,CHUBUT,94.669
2013-09-01T00:00:00Z,CÓRDOBA,500.396
2013-09-01T00:00:00Z,CORRIENTES,71.229
2013-09-01T00:00:00Z,ENTRE RÍOS,135.003
2013-09-01T00:00:00Z,FORMOSA,26.101
2013-09-01T00:00:00Z,JUJUY,56.467
2013-09-01T00:00:00Z,LA PAMPA,36.265
2013-09-01T00:00:00Z,LA RIOJA,29.527
2013-09-01T00:00:00Z,MENDOZA,238.411
2013-09-01T00:00:00Z,MISIONES,100.78
2013-09-01T00:00:00Z,NEUQUÉN,96.616
2013-09-01T00:00:00Z,RíO NEGRO,100.074
2013-09-01T00:00:00Z,SALTA,109.478
2013-09-01T00:00:00Z,SAN JUAN,87.349
2013-09-01T00:00:00Z,SAN LUIS,56.481
2013-09-01T00:00:00Z,SANTA CRUZ,60.175
2013-09-01T00:00:00Z,SANTA FE,493.458
2013-09-01T00:00:00Z,"SANTIAGO 
DEL ESTERO",49.306
2013-09-01T00:00:00Z,TIERRA DEL FUEGO,40.865
2013-09-01T00:00:00Z,TUCUMÁN,163.529
2013-10-01T00:00:00Z,BUENOS AIRES,1925.68
2013-10-01T00:00:00Z,"Cdad. Autónoma 
de Buenos Aires",1522.686
2013-10-01T00:00:00Z,CATAMARCA,31.635
2013-10-01T00:00:00Z,CHACO,73.744
2013-10-01T00:00:00Z,CHUBUT,96.069
2013-10-01T00:00:00Z,CÓRDOBA,503.751
2013-10-01T00:00:00Z,CORRIENTES,72.043
2013-10-01T00:00:00Z,ENTRE RÍOS,139.347
2013-10-01T00:00:00Z,FORMOSA,27.176
2013-10-01T00:00:00Z,JUJUY,57.021
2013-10-01T00:00:00Z,LA PAMPA,36.428
2013-10-01T00:00:00Z,LA RIOJA,29.691
2013-10-01T00:00:00Z,MENDOZA,237.994
2013-10-01T00:00:00Z,MISIONES,100.085
2013-10-01T00:00:00Z,NEUQUÉN,97.043
2013-10-01T00:00:00Z,RíO NEGRO,100.034
2013-10-01T00:00:00Z,SALTA,114.686
2013-10-01T00:00:00Z,SAN JUAN,90.414
2013-10-01T00:00:00Z,SAN LUIS,56.844
2013-10-01T00:00:00Z,SANTA CRUZ,60.939
2013-10-01T00:00:00Z,SANTA FE,495.61
2013-10-01T00:00:00Z,"SANTIAGO 
DEL ESTERO",50.88
2013-10-01T00:00:00Z,TIERRA DEL FUEGO,41.562
2013-10-01T00:00:00Z,TUCUMÁN,155.211
2013-11-01T00:00:00Z,BUENOS AIRES,1938.312
2013-11-01T00:00:00Z,"Cdad. Autónoma 
de Buenos Aires",1524.897
2013-11-01T00:00:00Z,CATAMARCA,31.81
2013-11-01T00:00:00Z,CHACO,74.268
2013-11-01T00:00:00Z,CHUBUT,96.695
2013-11-01T00:00:00Z,CÓRDOBA,504.199
2013-11-01T00:00:00Z,CORRIENTES,72.154
2013-11-01T00:00:00Z,ENTRE RÍOS,139.45
2013-11-01T00:00:00Z,FORMOSA,27.836
2013-11-01T00:00:00Z,JUJUY,58.419
2013-11-01T00:00:00Z,LA PAMPA,36.323
2013-11-01T00:00:00Z,LA RIOJA,29.397
2013-11-01T00:00:00Z,MENDOZA,239.631
2013-11-01T00:00:00Z,MISIONES,100.906
2013-11-01T00:00:00Z,NEUQUÉN,98.965
2013-11-01T00:00:00Z,RíO NEGRO,101.513
2013-11-01T00:00:00Z,SALTA,115.866
2013-11-01T00:00:00Z,SAN JUAN,87.023
2013-11-01T00:00:00Z,SAN LUIS,57.396
2013-11-01T00:00:00Z,SANTA CRUZ,61.358
2013-11-01T00:00:00Z,SANTA FE,498.986
2013-11-01T00:00:00Z,"SANTIAGO 
DEL ESTERO",50.726
2013-11-01T00:00:00Z,TIERRA DEL FUEGO,41.77
2013-11-01T00:00:00Z,TUCUMÁN,153.708
2013-12-01T00:00:00Z,BUENOS AIRES,1951.86
2013-12-01T00:00:00Z,"Cdad. Autónoma 
de Buenos Aires",1526.684
2013-12-01T00:00:00Z,CATAMARCA,31.605
2013-12-01T00:00:00Z,CHACO,72.713
2013-12-01T00:00:00Z,CHUBUT,97.834
2013-12-01T00:00:00Z,CÓRDOBA,503.949
2013-12-01T00:00:00Z,CORRIENTES,71.674
2013-12-01T00:00:00Z,ENTRE RÍOS,135.32
2013-12-01T00:00:00Z,FORMOSA,27.321
2013-12-01T00:00:00Z,JUJUY,59.949
2013-12-01T00:00:00Z,LA PAMPA,36.23
2013-12-01T00:00:00Z,LA RIOJA,29.417
2013-12-01T00:00:00Z,MENDOZA,240.833
2013-12-01T00:00:00Z,MISIONES,98.119
2013-12-01T00:00:00Z,NEUQUÉN,100.191
2013-12-01T00:00:00Z,RíO NEGRO,103.35
2013-12-01T00:00:00Z,SALTA,113.84
2013-12-01T00:00:00Z,SAN JUAN,86.344
2013-12-01T00:00:00Z,SAN LUIS,57.499
2013-12-01T00:00:00Z,SANTA CRUZ,61.331
2013-12-01T00:00:00Z,SANTA FE,499.988
2013-12-01T00:00:00Z,"SANTIAGO 
DEL ESTERO",50.617
2013-12-01T00:00:00Z,TIERRA DEL FUEGO,41.502
2013-12-01T00:00:00Z,TUCUMÁN,149.754
2014-01-01T00:00:00Z,BUENOS AIRES,1963.088
2014-01-01T00:00:00Z,"Cdad. Autónoma 
de Buenos Aires",1520.216
2014-01-01T00:00:00Z,CATAMARCA,30.795
2014-01-01T00:00:00Z,CHACO,71.522
2014-01-01T00:00:00Z,CHUBUT,97.526
2014-01-01T00:00:00Z,CÓRDOBA,506.399
2014-01-01T00:00:00Z,CORRIENTES,71.341
2014-01-01T00:00:00Z,ENTRE RÍOS,133.787
2014-01-01T00:00:00Z,FORMOSA,27.253
2014-01-01T00:00:00Z,JUJUY,59.625
2014-01-01T00:00:00Z,LA PAMPA,35.638
2014-01-01T00:00:00Z,LA RIOJA,29.241
2014-01-01T00:00:00Z,MENDOZA,240.85
2014-01-01T00:00:00Z,MISIONES,96.94
2014-01-01T00:00:00Z,NEUQUÉN,103.614
2014-01-01T00:00:00Z,RíO NEGRO,114.099
2014-01-01T00:00:00Z,SALTA,116.66
2014-01-01T00:00:00Z,SAN JUAN,84.525
2014-01-01T00:00:00Z,SAN LUIS,58.358
2014-01-01T00:00:00Z,SANTA CRUZ,61.27
2014-01-01T00:00:00Z,SANTA FE,496.389
2014-01-01T00:00:00Z,"SANTIAGO 
DEL ESTERO",50.478
2014-01-01T00:00:00Z,TIERRA DEL FUEGO,38.439
2014-01-01T00:00:00Z,TUCUMÁN,145.694
2014-02-01T00:00:00Z,BUENOS AIRES,1955.415
2014-02-01T00:00:00Z,"Cdad. Autónoma 
de Buenos Aires",1518.13
2014-02-01T00:00:00Z,CATAMARCA,31.432
2014-02-01T00:00:00Z,CHACO,71.665
2014-02-01T00:00:00Z,CHUBUT,97.747
2014-02-01T00:00:00Z,CÓRDOBA,503.014
2014-02-01T00:00:00Z,CORRIENTES,71.452
2014-02-01T00:00:00Z,ENTRE RÍOS,133.003
2014-02-01T00:00:00Z,FORMOSA,27.01
2014-02-01T00:00:00Z,JUJUY,59.176
2014-02-01T00:00:00Z,LA PAMPA,35.534
2014-02-01T00:00:00Z,LA RIOJA,32.856
2014-02-01T00:00:00Z,MENDOZA,246.94
2014-02-01T00:00:00Z,MISIONES,97.904
2014-02-01T00:00:00Z,NEUQUÉN,104.714
2014-02-01T00:00:00Z,RíO NEGRO,115.398
2014-02-01T00:00:00Z,SALTA,116.191
2014-02-01T00:00:00Z,SAN JUAN,84.989
2014-02-01T00:00:00Z,SAN LUIS,57.83
2014-02-01T00:00:00Z,SANTA CRUZ,62.359
2014-02-01T00:00:00Z,SANTA FE,492.213
2014-02-01T00:00:00Z,"SANTIAGO 
DEL ESTERO",50.499
2014-02-01T00:00:00Z,TIERRA DEL FUEGO,37.976
2014-02-01T00:00:00Z,TUCUMÁN,144.508
2014-03-01T00:00:00Z,BUENOS AIRES,1931.774
2014-03-01T00:00:00Z,"Cdad. Autónoma 
de Buenos Aires",1518.245
2014-03-01T00:00:00Z,CATAMARCA,31.639
2014-03-01T00:00:00Z,CHACO,71.662
2014-03-01T00:00:00Z,CHUBUT,96.968
2014-03-01T00:00:00Z,CÓRDOBA,497.417
2014-03-01T00:00:00Z,CORRIENTES,71.338
2014-03-01T00:00:00Z,ENTRE RÍOS,133.354
2014-03-01T00:00:00Z,FORMOSA,27.009
2014-03-01T00:00:00Z,JUJUY,55.732
2014-03-01T00:00:00Z,LA PAMPA,35.714
2014-03-01T00:00:00Z,LA RIOJA,33.299
2014-03-01T00:00:00Z,MENDOZA,255.73
2014-03-01T00:00:00Z,MISIONES,100.243
2014-03-01T00:00:00Z,NEUQUÉN,104.731
2014-03-01T00:00:00Z,RíO NEGRO,112.043
2014-03-01T00:00:00Z,SALTA,115.062
2014-03-01T00:00:00Z,SAN JUAN,87.854
2014-03-01T00:00:00Z,SAN LUIS,57.417
2014-03-01T00:00:00Z,SANTA CRUZ,62.33
2014-03-01T00:00:00Z,SANTA FE,492.999
2014-03-01T00:00:00Z,"SANTIAGO 
DEL ESTERO",50.883
2014-03-01T00:00:00Z,TIERRA DEL FUEGO,38.477
2014-03-01T00:00:00Z,TUCUMÁN,145.133
2014-04-01T00:00:00Z,BUENOS AIRES,1922.575
2014-04-01T00:00:00Z,"Cdad. Autónoma 
de Buenos Aires",1513.177
2014-04-01T00:00:00Z,CATAMARCA,32.11
2014-04-01T00:00:00Z,CHACO,72.212
2014-04-01T00:00:00Z,CHUBUT,96.258
2014-04-01T00:00:00Z,CÓRDOBA,495.044
2014-04-01T00:00:00Z,CORRIENTES,71.495
2014-04-01T00:00:00Z,ENTRE RÍOS,133.712
2014-04-01T00:00:00Z,FORMOSA,26.983
2014-04-01T00:00:00Z,JUJUY,52.485
2014-04-01T00:00:00Z,LA PAMPA,35.652
2014-04-01T00:00:00Z,LA RIOJA,31.993
2014-04-01T00:00:00Z,MENDOZA,255.18
2014-04-01T00:00:00Z,MISIONES,102.612
2014-04-01T00:00:00Z,NEUQUÉN,102.326
2014-04-01T00:00:00Z,RíO NEGRO,105.131
2014-04-01T00:00:00Z,SALTA,109.401
2014-04-01T00:00:00Z,SAN JUAN,82.871
2014-04-01T00:00:00Z,SAN LUIS,57.01
2014-04-01T00:00:00Z,SANTA CRUZ,62.162
2014-04-01T00:00:00Z,SANTA FE,494.098
2014-04-01T00:00:00Z,"SANTIAGO 
DEL ESTERO",52.606
2014-04-01T00:00:00Z,TIERRA DEL FUEGO,38.444
2014-04-01T00:00:00Z,TUCUMÁN,150.903
2014-05-01T00:00:00Z,BUENOS AIRES,1918.079
2014-05-01T00:00:00Z,"Cdad. Autónoma 
de Buenos Aires",1509.086
2014-05-01T00:00:00Z,CATAMARCA,32.316
2014-05-01T00:00:00Z,CHACO,73.123
2014-05-01T00:00:00Z,CHUBUT,96.243
2014-05-01T00:00:00Z,CÓRDOBA,494.436
2014-05-01T00:00:00Z,CORRIENTES,71.633
2014-05-01T00:00:00Z,ENTRE RÍOS,134.15
2014-05-01T00:00:00Z,FORMOSA,27.131
2014-05-01T00:00:00Z,JUJUY,52.55
2014-05-01T00:00:00Z,LA PAMPA,35.612
2014-05-01T00:00:00Z,LA RIOJA,30.502
2014-05-01T00:00:00Z,MENDOZA,238.819
2014-05-01T00:00:00Z,MISIONES,104.013
2014-05-01T00:00:00Z,NEUQUÉN,101.329
2014-05-01T00:00:00Z,RíO NEGRO,101.8
2014-05-01T00:00:00Z,SALTA,110.679
2014-05-01T00:00:00Z,SAN JUAN,81.434
2014-05-01T00:00:00Z,SAN LUIS,57.02
2014-05-01T00:00:00Z,SANTA CRUZ,61.979
2014-05-01T00:00:00Z,SANTA FE,494.608
2014-05-01T00:00:00Z,"SANTIAGO 
DEL ESTERO",52.148
2014-05-01T00:00:00Z,TIERRA DEL FUEGO,38.211
2014-05-01T00:00:00Z,TUCUMÁN,159.891
2014-06-01T00:00:00Z,BUENOS AIRES,1913.297
2014-06-01T00:00:00Z,"Cdad. Autónoma 
de Buenos Aires",1506.242
2014-06-01T00:00:00Z,CATAMARCA,32.062
2014-06-01T00:00:00Z,CHACO,73.531
2014-06-01T00:00:00Z,CHUBUT,96.905
2014-06-01T00:00:00Z,CÓRDOBA,493.119
2014-06-01T00:00:00Z,CORRIENTES,71.455
2014-06-01T00:00:00Z,ENTRE RÍOS,134.743
2014-06-01T00:00:00Z,FORMOSA,27.275
2014-06-01T00:00:00Z,JUJUY,53.564
2014-06-01T00:00:00Z,LA PAMPA,35.779
2014-06-01T00:00:00Z,LA RIOJA,29.838
2014-06-01T00:00:00Z,MENDOZA,238.329
2014-06-01T00:00:00Z,MISIONES,104.463
2014-06-01T00:00:00Z,NEUQUÉN,101.764
2014-06-01T00:00:00Z,RíO NEGRO,101.491
2014-06-01T00:00:00Z,SALTA,111.316
2014-06-01T00:00:00Z,SAN JUAN,81.307
2014-06-01T00:00:00Z,SAN LUIS,57.495
2014-06-01T00:00:00Z,SANTA CRUZ,61.559
2014-06-01T00:00:00Z,SANTA FE,494.944
2014-06-01T00:00:00Z,"SANTIAGO 
DEL ESTERO",52.445
2014-06-01T00:00:00Z,TIERRA DEL FUEGO,38.078
2014-06-01T00:00:00Z,TUCUMÁN,164.212
2014-07-01T00:00:00Z,BUENOS AIRES,1911.108
2014-07-01T00:00:00Z,"Cdad. Autónoma 
de Buenos Aires",1508.356
2014-07-01T00:00:00Z,CATAMARCA,31.939
2014-07-01T00:00:00Z,CHACO,73.605
2014-07-01T00:00:00Z,CHUBUT,97.13
2014-07-01T00:00:00Z,CÓRDOBA,493.778
2014-07-01T00:00:00Z,CORRIENTES,71.324
2014-07-01T00:00:00Z,ENTRE RÍOS,134.383
2014-07-01T00:00:00Z,FORMOSA,27.242
2014-07-01T00:00:00Z,JUJUY,54.13
2014-07-01T00:00:00Z,LA PAMPA,35.827
2014-07-01T00:00:00Z,LA RIOJA,29.368
2014-07-01T00:00:00Z,MENDOZA,238.665
2014-07-01T00:00:00Z,MISIONES,105.095
2014-07-01T00:00:00Z,NEUQUÉN,103.574
2014-07-01T00:00:00Z,RíO NEGRO,103.068
2014-07-01T00:00:00Z,SALTA,111.628
2014-07-01T00:00:00Z,SAN JUAN,80.968
2014-07-01T00:00:00Z,SAN LUIS,57.249
2014-07-01T00:00:00Z,SANTA CRUZ,61.164
2014-07-01T00:00:00Z,SANTA FE,494.356
2014-07-01T00:00:00Z,"SANTIAGO 
DEL ESTERO",52.989
2014-07-01T00:00:00Z,TIERRA DEL FUEGO,38.485
2014-07-01T00:00:00Z,TUCUMÁN,165.064
2014-08-01T00:00:00Z,BUENOS AIRES,1909.306
2014-08-01T00:00:00Z,"Cdad. Autónoma 
de Buenos Aires",1511.727
2014-08-01T00:00:00Z,CATAMARCA,31.593
2014-08-01T00:00:00Z,CHACO,73.635
2014-08-01T00:00:00Z,CHUBUT,97.675
2014-08-01T00:00:00Z,CÓRDOBA,492.753
2014-08-01T00:00:00Z,CORRIENTES,72.041
2014-08-01T00:00:00Z,ENTRE RÍOS,134.928
2014-08-01T00:00:00Z,FORMOSA,25.716
2014-08-01T00:00:00Z,JUJUY,55.482
2014-08-01T00:00:00Z,LA PAMPA,35.818
2014-08-01T00:00:00Z,LA RIOJA,29.413
2014-08-01T00:00:00Z,MENDOZA,237.428
2014-08-01T00:00:00Z,MISIONES,103.541
2014-08-01T00:00:00Z,NEUQUÉN,104.151
2014-08-01T00:00:00Z,RíO NEGRO,102.846
2014-08-01T00:00:00Z,SALTA,111.925
2014-08-01T00:00:00Z,SAN JUAN,81.022
2014-08-01T00:00:00Z,SAN LUIS,57.34
2014-08-01T00:00:00Z,SANTA CRUZ,61.347
2014-08-01T00:00:00Z,SANTA FE,494.195
2014-08-01T00:00:00Z,"SANTIAGO 
DEL ESTERO",51.044
2014-08-01T00:00:00Z,TIERRA DEL FUEGO,39.071
2014-08-01T00:00:00Z,TUCUMÁN,162.873
2014-09-01T00:00:00Z,BUENOS AIRES,1914.915
2014-09-01T00:00:00Z,"Cdad. Autónoma 
de Buenos Aires",1515.832
2014-09-01T00:00:00Z,CATAMARCA,31.246
2014-09-01T00:00:00Z,CHACO,73.678
2014-09-01T00:00:00Z,CHUBUT,98.683
2014-09-01T00:00:00Z,CÓRDOBA,492.781
2014-09-01T00:00:00Z,CORRIENTES,72.816
2014-09-01T00:00:00Z,ENTRE RÍOS,136.806
2014-09-01T00:00:00Z,FORMOSA,25.897
2014-09-01T00:00:00Z,JUJUY,57.323
2014-09-01T00:00:00Z,LA PAMPA,35.989
2014-09-01T00:00:00Z,LA RIOJA,29.31
2014-09-01T00:00:00Z,MENDOZA,237.054
2014-09-01T00:00:00Z,MISIONES,102.138
2014-09-01T00:00:00Z,NEUQUÉN,104.442
2014-09-01T00:00:00Z,RíO NEGRO,102.527
2014-09-01T00:00:00Z,SALTA,116.886
2014-09-01T00:00:00Z,SAN JUAN,81.061
2014-09-01T00:00:00Z,SAN LUIS,57.601
2014-09-01T00:00:00Z,SANTA CRUZ,62.094
2014-09-01T00:00:00Z,SANTA FE,494.365
2014-09-01T00:00:00Z,"SANTIAGO 
DEL ESTERO",51.039
2014-09-01T00:00:00Z,TIERRA DEL FUEGO,39.622
2014-09-01T00:00:00Z,TUCUMÁN,162.931
2014-10-01T00:00:00Z,BUENOS AIRES,1925.788
2014-10-01T00:00:00Z,"Cdad. Autónoma 
de Buenos Aires",1519.741
2014-10-01T00:00:00Z,CATAMARCA,31.97
2014-10-01T00:00:00Z,CHACO,73.678
2014-10-01T00:00:00Z,CHUBUT,99.591
2014-10-01T00:00:00Z,CÓRDOBA,494.712
2014-10-01T00:00:00Z,CORRIENTES,73.358
2014-10-01T00:00:00Z,ENTRE RÍOS,143.077
2014-10-01T00:00:00Z,FORMOSA,26.087
2014-10-01T00:00:00Z,JUJUY,58.239
2014-10-01T00:00:00Z,LA PAMPA,36.318
2014-10-01T00:00:00Z,LA RIOJA,29.356
2014-10-01T00:00:00Z,MENDOZA,239.89
2014-10-01T00:00:00Z,MISIONES,100.672
2014-10-01T00:00:00Z,NEUQUÉN,105.664
2014-10-01T00:00:00Z,RíO NEGRO,102.992
2014-10-01T00:00:00Z,SALTA,118.127
2014-10-01T00:00:00Z,SAN JUAN,81.883
2014-10-01T00:00:00Z,SAN LUIS,57.605
2014-10-01T00:00:00Z,SANTA CRUZ,63.071
2014-10-01T00:00:00Z,SANTA FE,496.222
2014-10-01T00:00:00Z,"SANTIAGO 
DEL ESTERO",50.755
2014-10-01T00:00:00Z,TIERRA DEL FUEGO,39.615
2014-10-01T00:00:00Z,TUCUMÁN,160.492
2014-11-01T00:00:00Z,BUENOS AIRES,1933.03
2014-11-01T00:00:00Z,"Cdad. Autónoma 
de Buenos Aires",1522.607
2014-11-01T00:00:00Z,CATAMARCA,32.534
2014-11-01T00:00:00Z,CHACO,73.512
2014-11-01T00:00:00Z,CHUBUT,100.614
2014-11-01T00:00:00Z,CÓRDOBA,494.798
2014-11-01T00:00:00Z,CORRIENTES,73.221
2014-11-01T00:00:00Z,ENTRE RÍOS,141.784
2014-11-01T00:00:00Z,FORMOSA,26.172
2014-11-01T00:00:00Z,JUJUY,59.61
2014-11-01T00:00:00Z,LA PAMPA,36.435
2014-11-01T00:00:00Z,LA RIOJA,29.293
2014-11-01T00:00:00Z,MENDOZA,241.583
2014-11-01T00:00:00Z,MISIONES,101.178
2014-11-01T00:00:00Z,NEUQUÉN,107.697
2014-11-01T00:00:00Z,RíO NEGRO,105.083
2014-11-01T00:00:00Z,SALTA,118.605
2014-11-01T00:00:00Z,SAN JUAN,82.201
2014-11-01T00:00:00Z,SAN LUIS,58.063
2014-11-01T00:00:00Z,SANTA CRUZ,62.786
2014-11-01T00:00:00Z,SANTA FE,498.41
2014-11-01T00:00:00Z,"SANTIAGO 
DEL ESTERO",50.379
2014-11-01T00:00:00Z,TIERRA DEL FUEGO,39.683
2014-11-01T00:00:00Z,TUCUMÁN,155.968
2014-12-01T00:00:00Z,BUENOS AIRES,1948.808
2014-12-01T00:00:00Z,"Cdad. Autónoma 
de Buenos Aires",1526.09
2014-12-01T00:00:00Z,CATAMARCA,31.893
2014-12-01T00:00:00Z,CHACO,73.552
2014-12-01T00:00:00Z,CHUBUT,101.488
2014-12-01T00:00:00Z,CÓRDOBA,496.726
2014-12-01T00:00:00Z,CORRIENTES,72.861
2014-12-01T00:00:00Z,ENTRE RÍOS,135.401
2014-12-01T00:00:00Z,FORMOSA,26.068
2014-12-01T00:00:00Z,JUJUY,62.52
2014-12-01T00:00:00Z,LA PAMPA,36.373
2014-12-01T00:00:00Z,LA RIOJA,29.031
2014-12-01T00:00:00Z,MENDOZA,242.266
2014-12-01T00:00:00Z,MISIONES,101.099
2014-12-01T00:00:00Z,NEUQUÉN,108.883
2014-12-01T00:00:00Z,RíO NEGRO,106.822
2014-12-01T00:00:00Z,SALTA,119.792
2014-12-01T00:00:00Z,SAN JUAN,82.206
2014-12-01T00:00:00Z,SAN LUIS,59.149
2014-12-01T00:00:00Z,SANTA CRUZ,63.332
2014-12-01T00:00:00Z,SANTA FE,500.775
2014-12-01T00:00:00Z,"SANTIAGO 
DEL ESTERO",50.419
2014-12-01T00:00:00Z,TIERRA DEL FUEGO,38.891
2014-12-01T00:00:00Z,TUCUMÁN,154.581
2015-01-01T00:00:00Z,BUENOS AIRES,1971.731
2015-01-01T00:00:00Z,"Cdad. Autónoma 
de Buenos Aires",1521.882
2015-01-01T00:00:00Z,CATAMARCA,31.597
2015-01-01T00:00:00Z,CHACO,72.492
2015-01-01T00:00:00Z,CHUBUT,101.254
2015-01-01T00:00:00Z,CÓRDOBA,501.853
2015-01-01T00:00:00Z,CORRIENTES,72.671
2015-01-01T00:00:00Z,ENTRE RÍOS,134.654
2015-01-01T00:00:00Z,FORMOSA,25.665
2015-01-01T00:00:00Z,JUJUY,62.947
2015-01-01T00:00:00Z,LA PAMPA,36.156
2015-01-01T00:00:00Z,LA RIOJA,29.942
2015-01-01T00:00:00Z,MENDOZA,245.154
2015-01-01T00:00:00Z,MISIONES,100.652
2015-01-01T00:00:00Z,NEUQUÉN,112.035
2015-01-01T00:00:00Z,RíO NEGRO,116.243
2015-01-01T00:00:00Z,SALTA,119.477
2015-01-01T00:00:00Z,SAN JUAN,82.787
2015-01-01T00:00:00Z,SAN LUIS,60.046
2015-01-01T00:00:00Z,SANTA CRUZ,62.986
2015-01-01T00:00:00Z,SANTA FE,497.826
2015-01-01T00:00:00Z,"SANTIAGO 
DEL ESTERO",50.129
2015-01-01T00:00:00Z,TIERRA DEL FUEGO,36.839
2015-01-01T00:00:00Z,TUCUMÁN,150.162
2015-02-01T00:00:00Z,BUENOS AIRES,1966.511
2015-02-01T00:00:00Z,"Cdad. Autónoma 
de Buenos Aires",1524.515
2015-02-01T00:00:00Z,CATAMARCA,32.868
2015-02-01T00:00:00Z,CHACO,72.797
2015-02-01T00:00:00Z,CHUBUT,101.062
2015-02-01T00:00:00Z,CÓRDOBA,500.788
2015-02-01T00:00:00Z,CORRIENTES,73.088
2015-02-01T00:00:00Z,ENTRE RÍOS,135.491
2015-02-01T00:00:00Z,FORMOSA,25.97
2015-02-01T00:00:00Z,JUJUY,62.306
2015-02-01T00:00:00Z,LA PAMPA,36.027
2015-02-01T00:00:00Z,LA RIOJA,35.696
2015-02-01T00:00:00Z,MENDOZA,252.241
2015-02-01T00:00:00Z,MISIONES,101.914
2015-02-01T00:00:00Z,NEUQUÉN,113.48
2015-02-01T00:00:00Z,RíO NEGRO,118.437
2015-02-01T00:00:00Z,SALTA,121.3
2015-02-01T00:00:00Z,SAN JUAN,83.594
2015-02-01T00:00:00Z,SAN LUIS,60.691
2015-02-01T00:00:00Z,SANTA CRUZ,63.825
2015-02-01T00:00:00Z,SANTA FE,495.805
2015-02-01T00:00:00Z,"SANTIAGO 
DEL ESTERO",50.087
2015-02-01T00:00:00Z,TIERRA DEL FUEGO,37.339
2015-02-01T00:00:00Z,TUCUMÁN,149.753
2015-03-01T00:00:00Z,BUENOS AIRES,1955.187
2015-03-01T00:00:00Z,"Cdad. Autónoma 
de Buenos Aires",1534.379
2015-03-01T00:00:00Z,CATAMARCA,33.235
2015-03-01T00:00:00Z,CHACO,73.662
2015-03-01T00:00:00Z,CHUBUT,101.301
2015-03-01T00:00:00Z,CÓRDOBA,498.91
2015-03-01T00:00:00Z,CORRIENTES,74.567
2015-03-01T00:00:00Z,ENTRE RÍOS,135.422
2015-03-01T00:00:00Z,FORMOSA,26.572
2015-03-01T00:00:00Z,JUJUY,58.28
2015-03-01T00:00:00Z,LA PAMPA,36.318
2015-03-01T00:00:00Z,LA RIOJA,36.645
2015-03-01T00:00:00Z,MENDOZA,259.308
2015-03-01T00:00:00Z,MISIONES,105.355
2015-03-01T00:00:00Z,NEUQUÉN,114.172
2015-03-01T00:00:00Z,RíO NEGRO,115.118
2015-03-01T00:00:00Z,SALTA,120.554
2015-03-01T00:00:00Z,SAN JUAN,84.161
2015-03-01T00:00:00Z,SAN LUIS,61.355
2015-03-01T00:00:00Z,SANTA CRUZ,64.137
2015-03-01T00:00:00Z,SANTA FE,499.868
2015-03-01T00:00:00Z,"SANTIAGO 
DEL ESTERO",50.526
2015-03-01T00:00:00Z,TIERRA DEL FUEGO,37.84
2015-03-01T00:00:00Z,TUCUMÁN,151.89
2015-04-01T00:00:00Z,BUENOS AIRES,1953.302
2015-04-01T00:00:00Z,"Cdad. Autónoma 
de Buenos Aires",1534.168
2015-04-01T00:00:00Z,CATAMARCA,33.419
2015-04-01T00:00:00Z,CHACO,74.659
2015-04-01T00:00:00Z,CHUBUT,100.453
2015-04-01T00:00:00Z,CÓRDOBA,500.155
2015-04-01T00:00:00Z,CORRIENTES,74.795
2015-04-01T00:00:00Z,ENTRE RÍOS,135.954
2015-04-01T00:00:00Z,FORMOSA,26.854
2015-04-01T00:00:00Z,JUJUY,54.734
2015-04-01T00:00:00Z,LA PAMPA,36.534
2015-04-01T00:00:00Z,LA RIOJA,35.048
2015-04-01T00:00:00Z,MENDOZA,259.127
2015-04-01T00:00:00Z,MISIONES,107.922
2015-04-01T00:00:00Z,NEUQUÉN,112.299
2015-04-01T00:00:00Z,RíO NEGRO,109.351
2015-04-01T00:00:00Z,SALTA,115.321
2015-04-01T00:00:00Z,SAN JUAN,83.95
2015-04-01T00:00:00Z,SAN LUIS,61.159
2015-04-01T00:00:00Z,SANTA CRUZ,64.174
2015-04-01T00:00:00Z,SANTA FE,502.004
2015-04-01T00:00:00Z,"SANTIAGO 
DEL ESTERO",51.409
2015-04-01T00:00:00Z,TIERRA DEL FUEGO,38.55
2015-04-01T00:00:00Z,TUCUMÁN,158.984
2015-05-01T00:00:00Z,BUENOS AIRES,1947.751
2015-05-01T00:00:00Z,"Cdad. Autónoma 
de Buenos Aires",1530.232
2015-05-01T00:00:00Z,CATAMARCA,32.994
2015-05-01T00:00:00Z,CHACO,76.272
2015-05-01T00:00:00Z,CHUBUT,99.709
2015-05-01T00:00:00Z,CÓRDOBA,498.753
2015-05-01T00:00:00Z,CORRIENTES,75.264
2015-05-01T00:00:00Z,ENTRE RÍOS,136.325
2015-05-01T00:00:00Z,FORMOSA,27.232
2015-05-01T00:00:00Z,JUJUY,54.41
2015-05-01T00:00:00Z,LA PAMPA,36.745
2015-05-01T00:00:00Z,LA RIOJA,33.193
2015-05-01T00:00:00Z,MENDOZA,243.458
2015-05-01T00:00:00Z,MISIONES,110.031
2015-05-01T00:00:00Z,NEUQUÉN,110.802
2015-05-01T00:00:00Z,RíO NEGRO,106.597
2015-05-01T00:00:00Z,SALTA,114.925
2015-05-01T00:00:00Z,SAN JUAN,82.202
2015-05-01T00:00:00Z,SAN LUIS,61.577
2015-05-01T00:00:00Z,SANTA CRUZ,63.843
2015-05-01T00:00:00Z,SANTA FE,500.822
2015-05-01T00:00:00Z,"SANTIAGO 
DEL ESTERO",51.181
2015-05-01T00:00:00Z,TIERRA DEL FUEGO,38.97
2015-05-01T00:00:00Z,TUCUMÁN,164.367
2015-06-01T00:00:00Z,BUENOS AIRES,1951.893
2015-06-01T00:00:00Z,"Cdad. Autónoma 
de Buenos Aires",1534.158
2015-06-01T00:00:00Z,CATAMARCA,32.695
2015-06-01T00:00:00Z,CHACO,76.1
2015-06-01T00:00:00Z,CHUBUT,99.975
2015-06-01T00:00:00Z,CÓRDOBA,498.407
2015-06-01T00:00:00Z,CORRIENTES,75.814
2015-06-01T00:00:00Z,ENTRE RÍOS,136.678
2015-06-01T00:00:00Z,FORMOSA,27.779
2015-06-01T00:00:00Z,JUJUY,54.744
2015-06-01T00:00:00Z,LA PAMPA,36.837
2015-06-01T00:00:00Z,LA RIOJA,32.169
2015-06-01T00:00:00Z,MENDOZA,244.572
2015-06-01T00:00:00Z,MISIONES,111.612
2015-06-01T00:00:00Z,NEUQUÉN,111.215
2015-06-01T00:00:00Z,RíO NEGRO,106.184
2015-06-01T00:00:00Z,SALTA,115.564
2015-06-01T00:00:00Z,SAN JUAN,83.114
2015-06-01T00:00:00Z,SAN LUIS,61.334
2015-06-01T00:00:00Z,SANTA CRUZ,63.491
2015-06-01T00:00:00Z,SANTA FE,503.297
2015-06-01T00:00:00Z,"SANTIAGO 
DEL ESTERO",51.393
2015-06-01T00:00:00Z,TIERRA DEL FUEGO,39.058
2015-06-01T00:00:00Z,TUCUMÁN,167.965
2015-07-01T00:00:00Z,BUENOS AIRES,1953.104
2015-07-01T00:00:00Z,"Cdad. Autónoma 
de Buenos Aires",1537.961
2015-07-01T00:00:00Z,CATAMARCA,32.1
2015-07-01T00:00:00Z,CHACO,76.488
2015-07-01T00:00:00Z,CHUBUT,100.207
2015-07-01T00:00:00Z,CÓRDOBA,500.338
2015-07-01T00:00:00Z,CORRIENTES,76.542
2015-07-01T00:00:00Z,ENTRE RÍOS,137.015
2015-07-01T00:00:00Z,FORMOSA,28.254
2015-07-01T00:00:00Z,JUJUY,54.959
2015-07-01T00:00:00Z,LA PAMPA,37.077
2015-07-01T00:00:00Z,LA RIOJA,31.294
2015-07-01T00:00:00Z,MENDOZA,244.073
2015-07-01T00:00:00Z,MISIONES,111.938
2015-07-01T00:00:00Z,NEUQUÉN,112.59
2015-07-01T00:00:00Z,RíO NEGRO,106.929
2015-07-01T00:00:00Z,SALTA,114.429
2015-07-01T00:00:00Z,SAN JUAN,81.714
2015-07-01T00:00:00Z,SAN LUIS,61.31
2015-07-01T00:00:00Z,SANTA CRUZ,63.168
2015-07-01T00:00:00Z,SANTA FE,501.415
2015-07-01T00:00:00Z,"SANTIAGO 
DEL ESTERO",51.414
2015-07-01T00:00:00Z,TIERRA DEL FUEGO,39.69
2015-07-01T00:00:00Z,TUCUMÁN,169.398
2015-08-01T00:00:00Z,BUENOS AIRES,1956.404
2015-08-01T00:00:00Z,"Cdad. Autónoma 
de Buenos Aires",1537.879
2015-08-01T00:00:00Z,CATAMARCA,31.826
2015-08-01T00:00:00Z,CHACO,77.623
2015-08-01T00:00:00Z,CHUBUT,100.919
2015-08-01T00:00:00Z,CÓRDOBA,499.29
2015-08-01T00:00:00Z,CORRIENTES,77.148
2015-08-01T00:00:00Z,ENTRE RÍOS,139
2015-08-01T00:00:00Z,FORMOSA,29.076
2015-08-01T00:00:00Z,JUJUY,56.817
2015-08-01T00:00:00Z,LA PAMPA,37.185
2015-08-01T00:00:00Z,LA RIOJA,30.671
2015-08-01T00:00:00Z,MENDOZA,243.064
2015-08-01T00:00:00Z,MISIONES,111.817
2015-08-01T00:00:00Z,NEUQUÉN,113.879
2015-08-01T00:00:00Z,RíO NEGRO,106.865
2015-08-01T00:00:00Z,SALTA,115.293
2015-08-01T00:00:00Z,SAN JUAN,81.372
2015-08-01T00:00:00Z,SAN LUIS,61.768
2015-08-01T00:00:00Z,SANTA CRUZ,63.71
2015-08-01T00:00:00Z,SANTA FE,502.836
2015-08-01T00:00:00Z,"SANTIAGO 
DEL ESTERO",51.744
2015-08-01T00:00:00Z,TIERRA DEL FUEGO,40.844
2015-08-01T00:00:00Z,TUCUMÁN,167.41
2015-09-01T00:00:00Z,BUENOS AIRES,1957.073
2015-09-01T00:00:00Z,"Cdad. Autónoma 
de Buenos Aires",1539.514
2015-09-01T00:00:00Z,CATAMARCA,31.561
2015-09-01T00:00:00Z,CHACO,77.878
2015-09-01T00:00:00Z,CHUBUT,101.152
2015-09-01T00:00:00Z,CÓRDOBA,501.676
2015-09-01T00:00:00Z,CORRIENTES,77.444
2015-09-01T00:00:00Z,ENTRE RÍOS,139.563
2015-09-01T00:00:00Z,FORMOSA,28.985
2015-09-01T00:00:00Z,JUJUY,57.478
2015-09-01T00:00:00Z,LA PAMPA,37.172
2015-09-01T00:00:00Z,LA RIOJA,29.756
2015-09-01T00:00:00Z,MENDOZA,242.266
2015-09-01T00:00:00Z,MISIONES,109.002
2015-09-01T00:00:00Z,NEUQUÉN,113.529
2015-09-01T00:00:00Z,RíO NEGRO,106.123
2015-09-01T00:00:00Z,SALTA,119.206
2015-09-01T00:00:00Z,SAN JUAN,80.912
2015-09-01T00:00:00Z,SAN LUIS,61.703
2015-09-01T00:00:00Z,SANTA CRUZ,64.284
2015-09-01T00:00:00Z,SANTA FE,502.169
2015-09-01T00:00:00Z,"SANTIAGO 
DEL ESTERO",51.25
2015-09-01T00:00:00Z,TIERRA DEL FUEGO,41.755
2015-09-01T00:00:00Z,TUCUMÁN,166.108
2015-10-01T00:00:00Z,BUENOS AIRES,1968.033
2015-10-01T00:00:00Z,"Cdad. Autónoma 
de Buenos Aires",1544.973
2015-10-01T00:00:00Z,CATAMARCA,31.574
2015-10-01T00:00:00Z,CHACO,77.153
2015-10-01T00:00:00Z,CHUBUT,101.815
2015-10-01T00:00:00Z,CÓRDOBA,503.594
2015-10-01T00:00:00Z,CORRIENTES,77.665
2015-10-01T00:00:00Z,ENTRE RÍOS,144.138
2015-10-01T00:00:00Z,FORMOSA,29.212
2015-10-01T00:00:00Z,JUJUY,58.595
2015-10-01T00:00:00Z,LA PAMPA,37.318
2015-10-01T00:00:00Z,LA RIOJA,29.706
2015-10-01T00:00:00Z,MENDOZA,241.51
2015-10-01T00:00:00Z,MISIONES,106.31
2015-10-01T00:00:00Z,NEUQUÉN,113.375
2015-10-01T00:00:00Z,RíO NEGRO,106.001
2015-10-01T00:00:00Z,SALTA,120.034
2015-10-01T00:00:00Z,SAN JUAN,80.712
2015-10-01T00:00:00Z,SAN LUIS,61.606
2015-10-01T00:00:00Z,SANTA CRUZ,64.844
2015-10-01T00:00:00Z,SANTA FE,504.578
2015-10-01T00:00:00Z,"SANTIAGO 
DEL ESTERO",51.861
2015-10-01T00:00:00Z,TIERRA DEL FUEGO,42.825
2015-10-01T00:00:00Z,TUCUMÁN,165.401
2015-11-01T00:00:00Z,BUENOS AIRES,1971.552
2015-11-01T00:00:00Z,"Cdad. Autónoma 
de Buenos Aires",1545.494
2015-11-01T00:00:00Z,CATAMARCA,31.676
2015-11-01T00:00:00Z,CHACO,76.728
2015-11-01T00:00:00Z,CHUBUT,101.841
2015-11-01T00:00:00Z,CÓRDOBA,504.707
2015-11-01T00:00:00Z,CORRIENTES,77.238
2015-11-01T00:00:00Z,ENTRE RÍOS,143.227
2015-11-01T00:00:00Z,FORMOSA,28.966
2015-11-01T00:00:00Z,JUJUY,59.293
2015-11-01T00:00:00Z,LA PAMPA,37.485
2015-11-01T00:00:00Z,LA RIOJA,29.489
2015-11-01T00:00:00Z,MENDOZA,243.642
2015-11-01T00:00:00Z,MISIONES,105.226
2015-11-01T00:00:00Z,NEUQUÉN,114.441
2015-11-01T00:00:00Z,RíO NEGRO,107.652
2015-11-01T00:00:00Z,SALTA,120.54
2015-11-01T00:00:00Z,SAN JUAN,80.559
2015-11-01T00:00:00Z,SAN LUIS,60.842
2015-11-01T00:00:00Z,SANTA CRUZ,64.747
2015-11-01T00:00:00Z,SANTA FE,505.831
2015-11-01T00:00:00Z,"SANTIAGO 
DEL ESTERO",51.681
2015-11-01T00:00:00Z,TIERRA DEL FUEGO,43.099
2015-11-01T00:00:00Z,TUCUMÁN,160.804
2015-12-01T00:00:00Z,BUENOS AIRES,1974.969
2015-12-01T00:00:00Z,"Cdad. Autónoma 
de Buenos Aires",1543.674
2015-12-01T00:00:00Z,CATAMARCA,30.98
2015-12-01T00:00:00Z,CHACO,74.601
2015-12-01T00:00:00Z,CHUBUT,101.4
2015-12-01T00:00:00Z,CÓRDOBA,505.109
2015-12-01T00:00:00Z,CORRIENTES,76.324
2015-12-01T00:00:00Z,ENTRE RÍOS,136.818
2015-12-01T00:00:00Z,FORMOSA,27.769
2015-12-01T00:00:00Z,JUJUY,60.605
2015-12-01T00:00:00Z,LA PAMPA,37.519
2015-12-01T00:00:00Z,LA RIOJA,28.767
2015-12-01T00:00:00Z,MENDOZA,242.865
2015-12-01T00:00:00Z,MISIONES,102.212
2015-12-01T00:00:00Z,NEUQUÉN,114.132
2015-12-01T00:00:00Z,RíO NEGRO,109.149
2015-12-01T00:00:00Z,SALTA,119.371
2015-12-01T00:00:00Z,SAN JUAN,80.215
2015-12-01T00:00:00Z,SAN LUIS,59.607
2015-12-01T00:00:00Z,SANTA CRUZ,64.053
2015-12-01T00:00:00Z,SANTA FE,505.018
2015-12-01T00:00:00Z,"SANTIAGO 
DEL ESTERO",50.632
2015-12-01T00:00:00Z,TIERRA DEL FUEGO,43.131
2015-12-01T00:00:00Z,TUCUMÁN,157.606
2016-01-01T00:00:00Z,BUENOS AIRES,1988.102
2016-01-01T00:00:00Z,"Cdad. Autónoma 
de Buenos Aires",1536.964
2016-01-01T00:00:00Z,CATAMARCA,30.303
2016-01-01T00:00:00Z,CHACO,72.786
2016-01-01T00:00:00Z,CHUBUT,100.727
2016-01-01T00:00:00Z,CÓRDOBA,508.385
2016-01-01T00:00:00Z,CORRIENTES,75.968
2016-01-01T00:00:00Z,ENTRE RÍOS,133.955
2016-01-01T00:00:00Z,FORMOSA,27.063
2016-01-01T00:00:00Z,JUJUY,60.953
2016-01-01T00:00:00Z,LA PAMPA,37.551
2016-01-01T00:00:00Z,LA RIOJA,28.734
2016-01-01T00:00:00Z,MENDOZA,243.049
2016-01-01T00:00:00Z,MISIONES,99.785
2016-01-01T00:00:00Z,NEUQUÉN,114.695
2016-01-01T00:00:00Z,RíO NEGRO,113.808
2016-01-01T00:00:00Z,SALTA,118.517
2016-01-01T00:00:00Z,SAN JUAN,80.015
2016-01-01T00:00:00Z,SAN LUIS,59.305
2016-01-01T00:00:00Z,SANTA CRUZ,63.298
2016-01-01T00:00:00Z,SANTA FE,501.057
2016-01-01T00:00:00Z,"SANTIAGO 
DEL ESTERO",50.136
2016-01-01T00:00:00Z,TIERRA DEL FUEGO,39.034
2016-01-01T00:00:00Z,TUCUMÁN,153.14
2016-02-01T00:00:00Z,BUENOS AIRES,1981.548
2016-02-01T00:00:00Z,"Cdad. Autónoma 
de Buenos Aires",1541.959
2016-02-01T00:00:00Z,CATAMARCA,31.008
2016-02-01T00:00:00Z,CHACO,72.825
2016-02-01T00:00:00Z,CHUBUT,100.061
2016-02-01T00:00:00Z,CÓRDOBA,507.609
2016-02-01T00:00:00Z,CORRIENTES,76.463
2016-02-01T00:00:00Z,ENTRE RÍOS,133.303
2016-02-01T00:00:00Z,FORMOSA,26.723
2016-02-01T00:00:00Z,JUJUY,60.544
2016-02-01T00:00:00Z,LA PAMPA,37.846
2016-02-01T00:00:00Z,LA RIOJA,35.045
2016-02-01T00:00:00Z,MENDOZA,247.155
2016-02-01T00:00:00Z,MISIONES,101.491
2016-02-01T00:00:00Z,NEUQUÉN,115.508
2016-02-01T00:00:00Z,RíO NEGRO,116.388
2016-02-01T00:00:00Z,SALTA,118.66
2016-02-01T00:00:00Z,SAN JUAN,81.571
2016-02-01T00:00:00Z,SAN LUIS,59.192
2016-02-01T00:00:00Z,SANTA CRUZ,62.387
2016-02-01T00:00:00Z,SANTA FE,499.317
2016-02-01T00:00:00Z,"SANTIAGO 
DEL ESTERO",50.067
2016-02-01T00:00:00Z,TIERRA DEL FUEGO,39.132
2016-02-01T00:00:00Z,TUCUMÁN,151.875
2016-03-01T00:00:00Z,BUENOS AIRES,1961.256
2016-03-01T00:00:00Z,"Cdad. Autónoma 
de Buenos Aires",1548.814
2016-03-01T00:00:00Z,CATAMARCA,31.076
2016-03-01T00:00:00Z,CHACO,73.364
2016-03-01T00:00:00Z,CHUBUT,99.799
2016-03-01T00:00:00Z,CÓRDOBA,505.51
2016-03-01T00:00:00Z,CORRIENTES,76.151
2016-03-01T00:00:00Z,ENTRE RÍOS,133.128
2016-03-01T00:00:00Z,FORMOSA,26.795
2016-03-01T00:00:00Z,JUJUY,57.268
2016-03-01T00:00:00Z,LA PAMPA,38.177
2016-03-01T00:00:00Z,LA RIOJA,36.103
2016-03-01T00:00:00Z,MENDOZA,252.741
2016-03-01T00:00:00Z,MISIONES,104.799
2016-03-01T00:00:00Z,NEUQUÉN,114.446
2016-03-01T00:00:00Z,RíO NEGRO,113.488
2016-03-01T00:00:00Z,SALTA,117.597
2016-03-01T00:00:00Z,SAN JUAN,81.869
2016-03-01T00:00:00Z,SAN LUIS,59.437
2016-03-01T00:00:00Z,SANTA CRUZ,61.152
2016-03-01T00:00:00Z,SANTA FE,502.329
2016-03-01T00:00:00Z,"SANTIAGO 
DEL ESTERO",50.899
2016-03-01T00:00:00Z,TIERRA DEL FUEGO,39.137
2016-03-01T00:00:00Z,TUCUMÁN,155.997
2016-04-01T00:00:00Z,BUENOS AIRES,1945.543
2016-04-01T00:00:00Z,"Cdad. Autónoma 
de Buenos Aires",1539.723
2016-04-01T00:00:00Z,CATAMARCA,30.686
2016-04-01T00:00:00Z,CHACO,74.028
2016-04-01T00:00:00Z,CHUBUT,97.793
2016-04-01T00:00:00Z,CÓRDOBA,503.45
2016-04-01T00:00:00Z,CORRIENTES,75.759
2016-04-01T00:00:00Z,ENTRE RÍOS,132.343
2016-04-01T00:00:00Z,FORMOSA,26.841
2016-04-01T00:00:00Z,JUJUY,53.358
2016-04-01T00:00:00Z,LA PAMPA,38.072
2016-04-01T00:00:00Z,LA RIOJA,32.298
2016-04-01T00:00:00Z,MENDOZA,249.542
2016-04-01T00:00:00Z,MISIONES,106.697
2016-04-01T00:00:00Z,NEUQUÉN,112.107
2016-04-01T00:00:00Z,RíO NEGRO,107.817
2016-04-01T00:00:00Z,SALTA,112.631
2016-04-01T00:00:00Z,SAN JUAN,80.644
2016-04-01T00:00:00Z,SAN LUIS,58.577
2016-04-01T00:00:00Z,SANTA CRUZ,59.853
2016-04-01T00:00:00Z,SANTA FE,499.762
2016-04-01T00:00:00Z,"SANTIAGO 
DEL ESTERO",50.578
2016-04-01T00:00:00Z,TIERRA DEL FUEGO,38.483
2016-04-01T00:00:00Z,TUCUMÁN,161.984
2016-05-01T00:00:00Z,BUENOS AIRES,1939.202
2016-05-01T00:00:00Z,"Cdad. Autónoma 
de Buenos Aires",1531.536
2016-05-01T00:00:00Z,CATAMARCA,30.231
2016-05-01T00:00:00Z,CHACO,74.673
2016-05-01T00:00:00Z,CHUBUT,96.061
2016-05-01T00:00:00Z,CÓRDOBA,501.863
2016-05-01T00:00:00Z,CORRIENTES,75.778
2016-05-01T00:00:00Z,ENTRE RÍOS,133.305
2016-05-01T00:00:00Z,FORMOSA,26.894
2016-05-01T00:00:00Z,JUJUY,52.82
2016-05-01T00:00:00Z,LA PAMPA,37.978
2016-05-01T00:00:00Z,LA RIOJA,30.703
2016-05-01T00:00:00Z,MENDOZA,236.951
2016-05-01T00:00:00Z,MISIONES,107.186
2016-05-01T00:00:00Z,NEUQUÉN,110.528
2016-05-01T00:00:00Z,RíO NEGRO,104.049
2016-05-01T00:00:00Z,SALTA,111.491
2016-05-01T00:00:00Z,SAN JUAN,79.785
2016-05-01T00:00:00Z,SAN LUIS,57.983
2016-05-01T00:00:00Z,SANTA CRUZ,59.025
2016-05-01T00:00:00Z,SANTA FE,499.184
2016-05-01T00:00:00Z,"SANTIAGO 
DEL ESTERO",49.946
2016-05-01T00:00:00Z,TIERRA DEL FUEGO,37.795
2016-05-01T00:00:00Z,TUCUMÁN,167.634
2016-06-01T00:00:00Z,BUENOS AIRES,1931.585
2016-06-01T00:00:00Z,"Cdad. Autónoma 
de Buenos Aires",1524.375
2016-06-01T00:00:00Z,CATAMARCA,29.922
2016-06-01T00:00:00Z,CHACO,74.89
2016-06-01T00:00:00Z,CHUBUT,96.019
2016-06-01T00:00:00Z,CÓRDOBA,499.394
2016-06-01T00:00:00Z,CORRIENTES,75.774
2016-06-01T00:00:00Z,ENTRE RÍOS,133.412
2016-06-01T00:00:00Z,FORMOSA,26.919
2016-06-01T00:00:00Z,JUJUY,53.538
2016-06-01T00:00:00Z,LA PAMPA,38.143
2016-06-01T00:00:00Z,LA RIOJA,30.646
2016-06-01T00:00:00Z,MENDOZA,236.128
2016-06-01T00:00:00Z,MISIONES,107.273
2016-06-01T00:00:00Z,NEUQUÉN,110.494
2016-06-01T00:00:00Z,RíO NEGRO,102.515
2016-06-01T00:00:00Z,SALTA,112.419
2016-06-01T00:00:00Z,SAN JUAN,79.712
2016-06-01T00:00:00Z,SAN LUIS,57.402
2016-06-01T00:00:00Z,SANTA CRUZ,58.226
2016-06-01T00:00:00Z,SANTA FE,499.088
2016-06-01T00:00:00Z,"SANTIAGO 
DEL ESTERO",50.381
2016-06-01T00:00:00Z,TIERRA DEL FUEGO,37.058
2016-06-01T00:00:00Z,TUCUMÁN,171.094
2016-07-01T00:00:00Z,BUENOS AIRES,1928.002
2016-07-01T00:00:00Z,"Cdad. Autónoma 
de Buenos Aires",1528.047
2016-07-01T00:00:00Z,CATAMARCA,29.838
2016-07-01T00:00:00Z,CHACO,74.811
2016-07-01T00:00:00Z,CHUBUT,96.237
2016-07-01T00:00:00Z,CÓRDOBA,499.222
2016-07-01T00:00:00Z,CORRIENTES,75.606
2016-07-01T00:00:00Z,ENTRE RÍOS,133.422
2016-07-01T00:00:00Z,FORMOSA,26.861
2016-07-01T00:00:00Z,JUJUY,53.812
2016-07-01T00:00:00Z,LA PAMPA,38.051
2016-07-01T00:00:00Z,LA RIOJA,28.776
2016-07-01T00:00:00Z,MENDOZA,237.523
2016-07-01T00:00:00Z,MISIONES,107.134
2016-07-01T00:00:00Z,NEUQUÉN,111.112
2016-07-01T00:00:00Z,RíO NEGRO,103.458
2016-07-01T00:00:00Z,SALTA,112.533
2016-07-01T00:00:00Z,SAN JUAN,79.349
2016-07-01T00:00:00Z,SAN LUIS,56.508
2016-07-01T00:00:00Z,SANTA CRUZ,58.035
2016-07-01T00:00:00Z,SANTA FE,497.589
2016-07-01T00:00:00Z,"SANTIAGO 
DEL ESTERO",50.44
2016-07-01T00:00:00Z,TIERRA DEL FUEGO,37.05
2016-07-01T00:00:00Z,TUCUMÁN,171.873
